fileName,TimeStamp,faceId,interocularDistance,glasses,age,ethnicity,gender,dominantEmoji,pitch,yaw,roll,joy,fear,disgust,sadness,anger,surprise,contempt,valence,engagement,smile,innerBrowRaise,browRaise,browFurrow,noseWrinkle,upperLipRaise,lipCornerDepressor,chinRaise,lipPucker,lipPress,lipSuck,mouthOpen,smirk,eyeClosure,attention,eyeWiden,cheekRaise,lidTighten,dimpler,lipStretch,jawDrop,relaxed,smiley,laughing,kissing,disappointed,rage,smirk,wink,stuckOutTongueWinkingEye,stuckOutTongue,flushed,scream,
example/2016-06-17_12-13-27-771-describer.csv,Q1,0.018030513176144243,107.65153789181721,nan,nan,nan,nan,nan,-6.067491234396651,-7.120007961165055,-0.7754054923717062,2.6348597226075055,0.5699558668515975,1.3128936477115125,0.02201542302357854,0.006240859916782336,9.447155783633846,1.8409803606102688,-0.6120343966712916,20.714129708737865,3.0980645214979288,4.77666049930652,3.2565630235783654,0.09527131761442421,0.0014834951456310715,3.4801163384188682,1.292765242718443,0.06024762829403644,7.398358557558969,2.439398613037443,0.5537612482662961,35.11177131761444,4.029516310679617,0.7015252981969546,91.62098782246885,9.455764105409093,3.502812316227453,4.324851761442435,5.47390099861303,0.8644828848821119,14.818603162274604,0.0016959778085991715,1.9963375034674318,0.0044791400832175,4.119459750346703,0.010626407766990364,0.006240859916782336,0.6371403606102621,0.5301511511789144,2.3138823300970777,2.3315850762829275,0.001967101248266334,4.439302219140084,nan
example/2016-06-17_12-13-27-771-describer.csv,Q2,0.0,101.70787079977,nan,nan,nan,nan,nan,-4.839878869390124,-3.7037159666283133,-2.960238995972377,0.004166700230149303,0.14039059263521075,0.9994066743383179,0.0249717203682397,0.00469712313003464,4.132918167433832,0.7499172180667513,-3.107460486191027,12.022736766398223,0.0018464182968929552,2.346674079401615,0.656763751438436,0.09155691887226684,0.0007059551208285364,0.0002887370540851548,3.1749483457997583,0.08299807249712307,4.81244126869965,2.1613305811277175,0.6059680235903416,29.804243383199044,1.945740463176067,0.20282986191023997,96.28845428653602,0.7999130322209591,1.7499001869965327,3.6247396288837734,6.205628754315261,1.0731984752589316,20.86213049482164,0.0017785673187570255,0.0030058688147291805,0.003359637514383918,1.0053528912543583,2.2897903193325306,0.00469712313003464,0.16701511795166854,1.1314203826237577,2.366889801495994,2.479605983889544,0.013449913693901482,0.18133288262370612,nan
example/2016-03-15_13-19-45-618-interrogator.new.csv,Q1,0.0,133.5682560587516,nan,nan,nan,nan,nan,-6.0410924520603935,0.09804696042431744,-3.6843386372909057,10.590008567930944,0.038252019583842965,5.419084414524656,0.08428878008975936,0.010962341901264841,2.3287643818849513,9.93255116279066,-14.120851121991022,35.06342603019177,11.348416483068123,1.680529375764993,0.5958290493676062,0.04879037127703021,3.9897159118726955,0.007911627906976713,21.769380089759313,8.98124855161158,1.8032944512443982,3.154390779273772,27.271692737658057,18.409401713586295,12.81213945328439,1.717820522235831,98.053027988576,0.00023480212158302733,12.929736801305562,2.6486845369237044,9.80930901672787,5.718078212974294,3.448507751937989,4.8789676050591515,5.126177600979202,0.14880991432068616,0.026318931048552,21.01816756425939,0.010962341901264841,0.7097999592003245,49.016534149326745,2.3019451652386835,2.301752182782543,0.0017999999999999423,0.043809465524275705,nan
example/2016-03-15_13-19-45-618-interrogator.new.csv,Q2,0.0,136.09473699712663,nan,nan,nan,nan,nan,-7.408381142241367,-0.18937848419540307,-3.3538028376436775,0.8744112787356467,0.03193092672413801,8.732381788793115,0.01990255028735627,0.007966163793103493,1.2282993175287438,7.91399288793103,-8.535579920977007,17.899258764367794,1.1982616020115275,0.7465024784482759,0.13964967672413778,0.027199928160919616,5.852787392241377,0.31911522988505603,2.874953448275865,4.448465553160921,3.2828360272988464,2.68193599137931,20.05213178879309,12.264154454022943,11.17553204022988,2.9332358477011518,97.97452776580457,8.405172413793093e-06,9.10277061781609,0.7901499640804626,4.216103196839088,2.0965888649425337,2.997794288793105,0.8595595905172553,0.017794360632183804,0.011765948275861936,0.9012422413793258,1.7387619971264423,0.007966163793103493,0.8526814655172408,34.92122819683902,2.3623271551724154,2.414418821839082,0.0017999999999999785,0.1037913074712662,nan
example/2016-03-15_21-12-05-243-Asha4678.new.csv,Q1,2.36489898989899,115.93046603535355,nan,nan,nan,nan,nan,-2.835670580808082,7.026774368686873,-1.8581161616161623,0.8702588383838407,0.034375126262626114,0.7232964646464632,0.020480429292929255,0.01079154040404045,1.7009162878787893,9.371809090909098,-5.061680681818183,7.7645481060606025,0.8844252525252473,0.29781742424242447,0.974336868686868,0.10759987373737416,0.35264002525252547,0.4342357323232309,0.9686795454545434,6.950524621212132,3.22287083333333,7.228902904040407,7.481258080808088,11.504220202020225,13.930440277777782,0.012299621212121218,80.3168097222222,0.2197015151515157,4.365789015151519,0.47059583333333344,5.196596717171718,0.5959770202020207,7.454191792929291,0.32376426767677025,0.1265267676767696,0.008707828282828312,2.04272626262626,0.5284883838383831,0.01079154040404045,7.069002146464652,8.675356565656593,2.270550252525267,2.2768643939394084,0.32734141414141626,0.5467794191919215,nan
example/2016-03-15_21-12-05-243-Asha4678.new.csv,Q2,9.307433568785738,113.0921920618904,nan,nan,nan,nan,nan,-3.6590036663303103,4.261036663303057,1.0494869155734925,0.2770514968045789,0.08913757147662564,0.9564521022536157,0.017372048435923302,0.009425933400605435,3.197997746384117,4.911096367305752,-4.116356172216613,10.210902556340402,0.5182748402287182,0.2547226370669364,6.0175318533467825,0.35493329969727455,0.6754011436259658,0.1541991590985526,0.46064258324924195,6.587247494113678,0.798718869828455,2.6052590649175884,3.5344291960982113,16.776620282542847,7.604877968382106,0.026407938109653736,93.67734698957263,0.4060301379078342,0.25898809283551966,0.17157843928691574,2.772851261352178,0.4594403296333666,9.669895963673044,0.003242280524722447,0.03247497477295717,0.0017065926673393587,0.0028816347124116944,0.004469122098889747,0.009425933400605435,1.3200425496131865,13.923340665993912,2.297231954254957,2.299282273797508,0.0018948200470904823,1.1914936764211161,nan
example/2016-03-11_16-16-40-42-pamela3.new.csv,Q1,0.5725806451612904,117.3591791858676,nan,nan,nan,nan,nan,-2.9100137480798716,-2.4925115975422374,-4.032717549923187,43.63297231182782,0.021968279569892505,0.2437883640552987,0.006488517665130533,0.0027465821812596033,10.689621543778802,4.397499001536125,47.263889170506836,56.07613509984646,49.254053533026195,1.0318472734254984,9.000345046082943,0.18107730414746318,0.08216401689708155,0.016140130568356375,0.5699717357910848,0.21697530721966066,2.690930376344096,2.3240996927803526,4.2738273425498665,31.059257718894074,8.342162596006135,7.234907027649769,96.3518105990783,7.57030437788016,7.257832027649739,4.457415284178187,11.57401301843319,2.1968252304147513,16.008829185867913,23.582625076804764,12.880340937019847,1.1102853302611382,0.8684419738863354,0.0022025729646697107,0.0027465821812596033,1.8387556835637495,17.666968241167442,2.2916030337941837,2.2915807603686775,0.35857104454684935,7.588895890937006,nan
example/2016-03-11_16-16-40-42-pamela3.new.csv,Q2,1.0,113.04033260869589,nan,nan,nan,nan,nan,1.9992725543478291,-1.9578504076086967,-3.143976800271736,26.580845108695577,0.3512748980978259,0.4836948369565229,0.16984432744565126,0.30162190896739094,13.136200067934748,3.688273913043407,31.631314572010886,44.805410971467474,33.66270485733689,2.706924524456529,11.294881725543489,1.7911762567934897,0.08485407608695669,0.007828464673912999,0.4212345788043468,0.31824154211956385,0.7148676290760863,0.5742465353260887,1.0466604959239159,39.877864300271696,8.483186650815218,7.121338824728258,97.91431851222801,4.383627785326108,2.3595161005434813,5.996366406249993,5.630308627717354,2.356019225543489,21.83413277853252,11.64270095108692,6.7611186480977,0.8003569972826076,0.07960271739130717,0.10034955842391369,0.30162190896739094,1.5738084239130523,9.646190285325922,2.311401222826111,2.3033915760869843,0.06347326766304358,9.406668953804342,nan
example/2016-06-27_18-38-55-777-interrogator.csv,Q1,0.0,145.69599203259426,nan,nan,nan,nan,nan,-16.00427627885922,3.005672702580357,0.043829334540515665,0.7469749660479904,1.8570593028519704,4.749958578542328,4.669635626980533,1.4781282028067098,12.689670303304675,4.150113354459039,-32.0606244907197,33.376551561792674,1.0329477138976906,37.516003847894964,13.415497645993655,7.511681032141241,3.2654922136713465,0.016687279311905886,1.4941630149388863,26.732892077863212,0.5355569035762788,8.237752557718453,23.519046763241278,19.847184019918494,6.286265776369408,1.6954861023087395,97.55923472159337,0.020869850611136418,0.9102709823449511,3.73227016749661,4.890581801720196,0.691340787686735,8.258761928474419,0.5943751018560545,0.015952829334540924,0.0015897238569488174,0.0023441376188320447,0.037908284291536386,1.4781282028067098,2.0537126301493887,17.895887777274613,2.3026663648709693,2.302960932548649,0.0018082390221819038,7.225955590765055,nan
example/2016-06-27_18-38-55-777-interrogator.csv,Q2,nan,nan,nan,nan,nan,nan,nan,nan,nan,nan,nan,nan,nan,nan,nan,nan,nan,nan,nan,nan,nan,nan,nan,nan,nan,nan,nan,nan,nan,nan,nan,nan,nan,nan,nan,nan,nan,nan,nan,nan,nan,nan,nan,nan,nan,nan,nan,nan,nan,nan,nan,nan,nan
example/2016-06-15_14-19-27-616-interrogator.csv,Q1,0.4848894903022102,114.35088026612527,nan,nan,nan,nan,nan,-9.776885024808283,-1.163535904375281,3.37557801082544,35.76508373928703,0.1340513982859709,0.730116260712678,0.010085227785295562,0.00429345963013082,9.681203879115929,8.96500153360378,30.503463441587687,53.56951565178179,37.517618561118724,1.374554014433925,1.961518019846637,0.9202145241317088,0.15244666215606506,0.0959821605773547,2.8162173207036227,1.41960890843484,9.484015606675644,5.390010712674767,7.81887320703653,64.01675893098793,11.627462990527732,5.575126184032492,95.47558739287315,0.0028418583671628223,2.3798149526386596,1.829496120884078,7.175018967072648,4.818778912945402,20.497707803337843,1.8797261389264621,23.73520739738325,0.7975172304916743,1.0567817320703883,1.424980085701419,0.00429345963013082,6.788416576454656,2.1161488723499313,2.5276545782589013,4.978485047361253,0.0017971583220569112,0.4268537889039231,nan
example/2016-06-15_14-19-27-616-interrogator.csv,Q2,1.0,127.59906503313081,nan,nan,nan,nan,nan,-11.273213514632854,-0.2573692711209275,3.423521673108773,24.944048812810458,0.12399149641082365,0.8595338487023818,0.043023205411373944,0.055979652125896714,7.859380162893397,0.6382670900055594,23.926832689122044,41.34428090833742,26.221596355604472,0.7097063776918848,0.54904935118719,0.9774688155715122,0.050906681391496414,0.05840713694091526,0.6427294036444003,0.4560966593042612,4.2606921728326785,1.983406170623962,2.6056066951959997,61.1357860850356,1.9261732192159056,3.677468263390393,97.77235024848123,0.006156460519050339,1.1971364163445684,3.331013638873547,2.861497156267228,1.5510818470458354,21.856023081170658,1.7445969353948163,14.181671976807968,0.7280031888459484,1.3187226118166804,0.303845692987304,0.055979652125896714,0.3092641220320314,0.7104310187741656,2.468654762562114,2.8412640668139066,0.0018009663169517576,0.2527556184428504,nan
example/2016-03-15_19-10-47-33-rdulany1.new.csv,Q1,0.0,119.1088595490715,nan,nan,nan,nan,nan,-15.004496684350125,-0.9717715738284712,-1.7362874005305022,28.667209637488924,0.0361368258178601,0.4505190981432361,0.014342130857648154,0.002739478337754246,2.2865667108753382,2.0623301945181707,21.186409593280246,33.25633412908939,29.48310114942528,0.23087365163572057,2.6589524756852345,0.016757161803713814,0.11122873563218527,0.006980592396109598,2.7907072060123777,10.448245181255492,0.6515234305923949,3.181067329796643,7.901220822281149,19.614160300618924,3.912441732979668,3.164891335101682,97.27051007957559,0.0014045977011494335,5.144007515473005,1.4758045092838175,1.215455526083123,12.543338682581787,2.9000878868258173,20.650598762157294,5.106385809018537,0.05219076038903856,0.002118390804597663,1.4331842175066385,0.002739478337754246,0.945817418213971,35.18601825817858,2.289514544650768,2.289755658709125,0.0017751989389919573,0.4418600353669317,nan
example/2016-03-15_19-10-47-33-rdulany1.new.csv,Q2,0.2864205669083718,109.16217323665141,nan,nan,nan,nan,nan,-8.47241644693475,-1.8581169413315748,-5.076483157547795,32.45346186552395,0.05300088991430491,0.43053025708635395,0.010878345418589307,0.005856361239288099,5.625701087673041,3.650591957811333,32.27142821357937,47.1551126895189,36.240558536585375,0.26521025049439706,9.398399901120628,0.32782607119314444,0.3653982860909696,0.0028227752142386286,1.1573827620303274,4.312138826631492,3.910587508239949,2.20636496374424,6.1510882333553045,29.759928378378333,7.660715952537878,7.933235530652597,96.695145781147,0.05677781806196509,12.894757350032943,2.4974662491760076,4.388412326961117,10.79268773895848,3.5287822676334875,15.997139518787009,9.130011601845688,0.8455036914963757,1.5885356295319726,0.14546654581410695,0.005856361239288099,0.4717291364535256,44.99742191825979,2.3164642715886656,2.328493671720508,0.0019608767303889506,1.553478773895842,nan
example/2016-03-13_12-18-21-744-squidward70.new.csv,Q1,0.0,176.99405681341744,nan,nan,nan,nan,nan,4.822941194968559,1.6048863207547153,-0.4360532494758901,21.06814444444444,0.007883385744234776,0.20674276729559848,0.022571278825996046,0.006051834381551362,4.231048689727461,0.1401914046121589,25.720020178197103,32.498197641509364,31.410983071278775,2.0311974318658335,21.217834486373203,0.06058611111111147,0.14408432914046101,1.6793896750524155,0.34691048218029097,5.805338312368989,0.3323839622641511,4.7014013102725425,3.3884838050314463,5.610314779874212,2.865329297693921,1.1023811844863738,95.86265660377359,16.221859486373194,0.5342549266247367,0.005267400419287226,5.481704245282992,4.037889884696014,5.6084455974842715,18.63095361635217,0.3455603249475892,0.0022101153039831936,0.0019548218029349605,0.001957599580712693,0.006051834381551362,3.527253668763109e-05,8.707373322851184,2.496265670859553,2.3842356918239127,3.297599423480119,0.0911770440251568,nan
example/2016-03-13_12-18-21-744-squidward70.new.csv,Q2,0.0,179.8802639751553,nan,nan,nan,nan,nan,5.335344099378881,-2.3791950310559002,-0.12130559006211199,32.06292857142855,0.003472670807453415,0.2403683229813665,0.00854099378881987,0.0035074534161490677,0.6687925465838515,0.10276521739130431,34.715321739130424,39.00171180124223,34.58437577639753,0.026041614906832294,0.31613726708074535,0.0003888198757763977,0.004782608695652177,0.0008714285714285684,0.00148447204968944,0.001059627329192547,0.1042167701863354,0.011724844720496896,0.07992173913043475,18.43546273291926,1.1365043478260866,0.061555900621117994,98.04220310559005,38.474486335403704,0.42638633540372645,0.005965217391304349,0.018518633540372673,0.07658136645962736,0.21959440993788798,26.88624223602485,1.015796273291924,0.0018186335403726718,0.001870807453416154,0.001800000000000001,0.0035074534161490677,0.0,0.0018683229813664611,2.2979900621118046,2.2979900621118046,0.0019490683229813725,0.029898757763975155,nan
example/2016-06-08_13-59-09-521-sethdeco.csv,Q1,0.0,116.12177719243871,nan,nan,nan,nan,nan,-1.2068125503563691,-2.4154511930585665,2.6136278586922805,3.1507199256275205,0.01687071583514119,0.4145265261853109,0.016673349860551634,0.006414998450573278,1.1133675859931835,11.716687201735331,-1.6077518748063298,8.26375407499225,4.364568608614811,1.0697656956925932,0.415087511620702,0.03410340873876674,0.0005775023241400574,2.4790827393864277e-07,0.5194131701270518,0.07180018593120596,0.2323915401301517,7.736214471645475,10.099231391385185,12.268034490238627,17.462200526805077,0.01003582274558414,95.38458286334046,6.112343631856204,0.23722931515339338,0.022699752091726057,11.38608227455839,2.4372264642082455,6.052439789277947,1.0470679888441277,0.4484053920049584,0.0018307406259684092,0.2542889370932698,0.015215215370313947,0.006414998450573278,7.1755565230864615,0.0018150294391075386,2.2961501704369356,2.299309420514419,0.001885218469166441,0.04752119615742159,nan
example/2016-06-08_13-59-09-521-sethdeco.csv,Q2,0.0,113.74450002708589,nan,nan,nan,nan,nan,-1.2834508261105095,0.052091332611051096,3.0492433369447522,6.480788122967852,0.04563475081256842,0.5239720612134339,0.01401645449620806,0.0062563244853737964,2.5490176598049756,11.610602397074727,4.150188420910066,13.452953128385706,7.387145002708465,0.8738778846153854,0.12271751083423596,0.03739275460455039,0.021753927410618004,0.00018965330444203646,0.010443323401950588,0.1809065005417099,0.5307176868905782,5.326208951787633,11.844642470205864,25.23441245937153,16.137157719393247,0.010401191765980524,95.62713210996733,5.857661700975066,6.0692130010834315,0.05119527356446363,6.124763949079043,1.3106008531961009,12.588096289274137,0.43912338840738235,3.686375270855213,0.014208410075840913,0.002102139761646578,0.0018032096424699955,0.0062563244853737964,7.160709547670624,0.0019087215601297975,2.2996296587215315,2.4050695557962944,0.0018334371614298836,0.0920943797399793,nan
example/2016-03-02_14-03-04-887-Simplyme.new.csv,Q1,0.0,66.61774944396913,nan,nan,nan,nan,nan,-15.821029769033371,25.33315252352438,17.278927715996588,2.638505816937552,0.04423772455089817,0.47325372112917036,0.013146107784431121,0.001898032506415738,1.9917153122326756,0.5521771599657821,-1.972163216424291,9.113695380667236,2.7341816082121464,0.45262181351582553,0.1772945252352439,0.04338374679213,0.20399948674080395,0.16629880239520975,5.892230966638162,1.9768302822925565,1.1816341317365278,0.2978580838323351,1.4897543199315642,16.885748674080403,1.3217636441402905,0.00033917878528656964,35.00138357570577,8.55431993156544e-08,3.6061755346449957,4.654488537211289,2.5675556886227513,0.43313815226689467,7.464958083832337,0.20300966638152282,1.3505991445680074,0.007427459366980327,0.010208982035928075,4.425327288280587,0.001898032506415738,0.007044995722840034,14.959002053036762,1.0241732249786175,1.0245701454234424,0.0007929854576561237,0.06981941830624487,nan
example/2016-03-02_14-03-04-887-Simplyme.new.csv,Q2,nan,nan,nan,nan,nan,nan,nan,nan,nan,nan,nan,nan,nan,nan,nan,nan,nan,nan,nan,nan,nan,nan,nan,nan,nan,nan,nan,nan,nan,nan,nan,nan,nan,nan,nan,nan,nan,nan,nan,nan,nan,nan,nan,nan,nan,nan,nan,nan,nan,nan,nan,nan,nan
example/2016-06-17_12-13-27-771-interrogator.csv,Q1,1.3514792899408283,110.80360923076903,nan,nan,nan,nan,nan,-5.396731656804728,-7.250022485207096,3.237127928994083,0.005938994082840193,0.4509956213017741,10.074148461538458,0.025160414201183354,0.0947946153846152,10.085827455621285,13.437569940828416,-17.71932130177514,24.385050118343223,0.00010905325443786963,7.143440118343198,2.8967014792899333,0.001670769230769245,0.004776863905325468,27.096554319526653,0.13532609467455634,3.6392762130177583,3.1932459763313616,2.8384520710059156,0.6831346153846131,52.135744142011895,16.617518757396436,0.36227301775147897,90.40288254437867,54.13532029585792,0.5443895857988164,0.019178402366863873,6.041805384615399,2.16964295857988,13.89622071005917,0.0017133136094674261,0.0017718934911242316,0.0018142603550295522,2.500659704142017,0.0018811834319526087,0.0947946153846152,7.480060000000009,1.2805786982248695,2.298956331360932,2.2994053846153695,0.6497988757396277,0.12405307692307682,nan
example/2016-06-17_12-13-27-771-interrogator.csv,Q2,4.0,108.5773,nan,nan,nan,nan,nan,-10.0412,-0.4496,10.3125,0.0018,0.0046,0.4312,0.0247,0.0172,0.198,0.1933,-0.3059,0.0804,0.0,0.5198,0.1828,0.0,0.0001,0.2879,0.0034,0.0131,0.0081,0.0087,0.0009,0.061,0.0307,0.0,98.6746,40.8218,0.008,0.0002,0.0035,0.0011,0.1456,0.0018,0.0018,0.0018,0.0018,0.0018,0.0172,0.0,0.0018,2.2978,2.2978,0.0019,0.0284,nan
example/2016-03-15_13-19-45-618-yellowstone.new.csv,Q1,0.0,139.498795569106,nan,nan,nan,nan,nan,-9.670307804878057,2.31709239837398,6.9842113414634115,4.845879715447192,0.03352333333333311,1.4115233739837383,0.03212365853658539,0.03317121951219467,1.715508943089435,4.752783902439018,2.9590571951219453,20.127574065040612,5.716333292682925,0.14582865853658597,2.8557486585365868,1.0133702845528445,0.5202139024390259,4.991101707317043,2.235982926829268,2.554886260162606,8.124801097560995,4.289994756097561,6.780785447154452,14.3342905284553,9.349174512195104,0.0027969105691056963,94.30632215447164,1.463414634146345e-05,17.596288170731654,1.7238850000000006,3.4789416260162547,2.376658658536589,26.791300203251993,2.7781656504064904,2.883368252032517,0.06333780487804945,3.1061990243902526,1.4613149186992025,0.03317121951219467,2.295879634146351,13.009812398373969,2.3138208943089515,2.488360772357732,0.0017999999999999434,0.24781630081300823,nan
example/2016-03-15_13-19-45-618-yellowstone.new.csv,Q2,0.0,127.34402184615394,nan,nan,nan,nan,nan,-7.949050461538463,6.310397538461547,2.194962153846152,0.0082720000000001,0.1300364615384615,4.726323692307692,0.1793966153846154,0.26920507692307893,3.518165538461545,3.494452615384612,-1.5417158461538474,20.809155076923073,0.32657953846153925,0.007122461538461545,0.16559707692307693,1.4593280000000002,1.730453692307692,0.5185989230769231,0.20091169230769265,3.1869716923076967,3.99475353846154,18.543873846153826,0.8778343076923075,29.800597846153803,8.789536769230764,0.046125230769230675,92.70745646153844,1.5384615384615385e-07,16.548526153846158,2.1615238461538446,13.735834615384615,10.275080153846167,12.414768461538483,0.001905692307692324,0.0749789230769235,0.027287230769230644,1.5054503076923056,0.0018623076923077045,0.26920507692307893,0.9389212307692297,11.765491230769236,2.3599020000000137,3.894344769230778,0.001769538461538479,0.09495553846153837,nan
example/2016-06-08_14-28-32-854-ESKAiNE.csv,Q1,0.9207501512401693,186.4465763460375,nan,nan,nan,nan,nan,-11.553552510586803,-6.421992316999387,1.3899611010284327,0.06253508771929851,0.0061490623109498035,0.377602177858438,0.038756321839080406,0.017634906231095076,0.22314960677555912,7.537667876588018,-1.5696448880822675,5.96233236539626,2.572210889292205,0.11990840895341844,1.972227344222626,1.0385560798548008,0.07361070780399387,2.6618269812462194e-06,0.416652087114336,1.2492901391409554,4.336360314579548,7.580772837265579,12.508600241984267,0.2441719903206293,12.194992498487569,1.7636274652147612,92.80154869933465,0.0505459165154267,7.339371869328505,0.09777676950998206,1.5191991530550522,0.6885451905626129,1.5103690260133102,0.13139219600725932,0.013969630973986652,0.014086327888687066,0.4361260738052001,0.002168905021173538,0.017634906231095076,2.045440229885057,67.43683327283715,2.298603206291606,2.2986052026618413,0.00181215970961883,0.030852087114337283,nan
example/2016-06-08_14-28-32-854-ESKAiNE.csv,Q2,2.501690331304936,166.54316335361753,nan,nan,nan,nan,nan,-7.932821433400941,-13.90648992562542,5.172457200811357,0.0014865449628127124,0.03092792427315804,0.36493522650439425,0.3659993238674774,0.811648546315081,0.45935578093306306,2.489403583502372,-3.376814672075723,7.799697295469907,0.006663421230561189,0.06118316430020297,5.124925693035832,2.4566214334009504,0.004536173089925618,6.693711967545636e-06,0.04581920216362403,4.042817849898586,3.296445098039224,8.883191683569974,9.32762068965516,0.6488843137254889,4.914897160243412,2.2632796484110846,76.92322237998641,1.8001414469236001,10.205744151453708,0.5460720757268428,6.044713522650433,0.20244063556457043,0.6896125760649089,0.001470858688302913,0.01433123732251526,0.01774334009465853,1.5982106828938765,0.0017122379986477083,0.811648546315081,1.0596591615956727,37.02529716024329,2.189910344827567,2.761750912778885,0.0017382691007437323,0.02807031778228517,nan
example/2016-06-08_13-59-09-521-matb321.csv,Q1,0.6466302367941712,122.76804061930785,nan,nan,nan,nan,nan,-23.351705646630258,-12.50118979963568,4.970094353369755,9.146236885245909,0.01974999999999988,1.572905373406193,0.018050364298724832,0.008562386156648453,0.8260337887067404,9.191559016393402,3.635598360655736,11.753886612021851,9.447660473588344,0.12071675774134785,0.4364671220400724,6.548269581056503e-05,5.60111675774135,0.019069125683060024,1.216481693989063,0.688872768670309,4.208235974499093,5.085658743169399,1.3833483606557335,7.855731602914388,12.00009936247723,0.18752358834244084,84.93080109289617,8.613584790528224,0.3504728597449909,0.03079162112932607,2.3664081056466313,0.5616621129326049,4.033382058287791,5.637249544626595,0.4023859744990903,0.0016489981785063933,0.5379999999999989,0.05387185792349895,0.008562386156648453,4.9416946265938,0.001761293260473608,2.245855009107466,2.5701345173041887,0.0018729508196721337,0.4963372495446278,nan
example/2016-06-08_13-59-09-521-matb321.csv,Q2,1.2949029126213591,127.94512609223315,nan,nan,nan,nan,nan,-24.61034441747578,-6.80253891585759,2.324660679611653,13.68476747572763,0.01413600323624591,0.5160084546925563,0.02161177184466014,0.010927588996763766,0.8586726132686099,5.2242216019417445,11.297400849514593,18.716254449838118,15.200742192556497,0.023277750809061457,1.4427332119741099,0.1622540453074434,0.749754813915861,0.003468122977346273,1.4126080906148915,0.48260400485436833,2.391035639158571,6.680535558252434,1.8480345469255663,8.236099312297721,8.650210315534002,0.3222536407766989,94.77246690938509,9.47291682847895,0.5627598705501597,1.1513915453074435,3.1468069983818867,3.0415432443365846,5.2784324838187695,12.09419939320323,0.903689967637552,0.0020666262135922583,0.011709344660193938,1.0211671521035928,0.010927588996763766,3.4196615695792825,1.037535558252428,2.0192924352750867,2.157285962783169,0.16293794498381817,0.05694122168284774,nan
example/2016-06-09_09-16-19-112-interrogator.csv,Q1,0.0,148.60091690465228,nan,nan,nan,nan,nan,-15.905830354675237,-3.282914923998155,-0.7348565177337639,7.311480838323364,1.5477221556886362,1.56960990327038,0.1714546752648551,0.007882128051589183,9.456256057116509,3.774188760939672,-4.762847581759554,26.86122565637957,8.454522570244155,11.650349424228477,8.687792261630575,0.05450073698756348,1.2695946107784437,0.0022679871027176408,0.6082005988023951,4.426742791340386,0.6060272224781219,7.008277614002761,23.785803915246422,18.82895476738828,7.681185352372182,3.185121280515897,96.18193528327966,0.0024813910640257937,5.679534131736521,0.37301556886227566,14.963174113311819,9.841171856287433,1.7860397973284219,6.136837724550914,1.1922637954859547,0.010318608935974118,0.0021391985260248523,0.04124564716720584,0.007882128051589183,0.2923952095808377,18.67280594196219,2.291518562874223,2.3174983417779544,0.0017912022109626044,3.9225279594657048,nan
example/2016-06-09_09-16-19-112-interrogator.csv,Q2,nan,nan,nan,nan,nan,nan,nan,nan,nan,nan,nan,nan,nan,nan,nan,nan,nan,nan,nan,nan,nan,nan,nan,nan,nan,nan,nan,nan,nan,nan,nan,nan,nan,nan,nan,nan,nan,nan,nan,nan,nan,nan,nan,nan,nan,nan,nan,nan,nan,nan,nan,nan,nan
example/2016-06-07_10-39-27-339-interrogator.csv,Q1,0.0,131.7961253333332,nan,nan,nan,nan,nan,-7.029220060606076,-4.826079636363642,-2.8460115151515097,3.1124519393939503,0.6266030909090912,6.3104441212121465,0.007689757575757542,0.03772181818181861,8.044677272727265,3.901165696969711,-16.138630787878757,39.70196236363636,3.8338914545454665,1.177929393939393,4.143448424242429,0.03793539393939426,4.139115878787875,0.260208666666665,0.05541496969696969,13.822567696969674,0.6108657575757583,11.208681454545415,39.81626406060596,31.73132206060601,7.330855151515149,3.5565389696969736,96.63155351515152,0.006202363636363622,5.320250545454538,0.43517339393939375,17.683350060606063,12.5098817575757,12.409803272727284,2.579522242424253,0.14715084848484877,0.007551151515151358,0.0018296363636363176,0.0018252727272726893,0.03772181818181861,1.2446124848484863,3.049680303030312,2.3267745454545334,2.350827151515139,0.0018009090909090397,3.8134871515151745,nan
example/2016-06-07_10-39-27-339-interrogator.csv,Q2,0.0,134.2564737696193,nan,nan,nan,nan,nan,-7.875190901835607,-6.050000425645131,0.112863155094439,0.2073238627294505,0.13082968874700815,13.492587443468954,0.011799521149241965,0.016576855546687974,4.08763910614526,3.229386565575953,-11.07261194466613,28.15579574354875,0.2590589252460747,0.023174674115456265,0.22375166267624313,0.09524823091247706,9.451046235700966,1.6900621441872927,0.23798491620111759,5.3134808725724545,1.4973386006916782,3.098465815376429,15.83732931630751,32.318183931896776,4.984640143655223,5.303364112795957,95.51397807927627,0.00013649906890130344,4.316729662144161,0.5944602021814294,6.201062862463398,3.8253507847831694,12.98353306730517,0.0018119712689545523,0.1191935089119475,0.04116320830008032,0.07153330673051261,0.0019451183825485924,0.016576855546687974,1.3409524607608416,6.210929316307542,2.309784091513756,2.311121707901094,0.0018000000000000479,0.3281558925246044,nan
example/2016-06-15_14-19-27-616-describer.csv,Q1,0.8717655140828945,119.66164094343932,nan,nan,nan,nan,nan,-4.973208816120901,-4.558278406228518,0.37551776963590494,22.99773901992176,1.2074148385619405,3.9691503320357224,3.329572086100295,0.0006791847950538565,33.40748687886424,10.493825852988131,-5.010998053583692,37.35609871765534,23.68547806274327,65.67320469429814,5.851519487062047,0.01376485001144974,4.922452026562861,0.4388634073734726,4.765444607281891,0.2390467139912968,1.4087668651248135,6.263954201969285,6.632422670025187,48.92739631325855,14.02019308449735,11.379554980535826,90.71661987634539,0.043579780169453144,18.95346001831913,0.8041600183192121,6.981401488435988,13.089608083352378,19.369559720631994,0.003992397526906319,16.030883054728317,3.0134214563773827,0.011036661323563976,2.4026833982138953,0.0006791847950538565,3.4100987634531763,23.019274582093047,2.243861987634549,2.266423700480901,0.0017606136936112516,3.000234211128983,nan
example/2016-06-15_14-19-27-616-describer.csv,Q2,2.0,118.08300817180279,nan,nan,nan,nan,nan,-2.2876892623065097,2.6920234555849865,0.4055362850369571,6.405458011434879,1.7296814809649999,1.206237024124938,4.337806331055618,0.0006028866266908889,32.079574815227936,23.52727036675517,-28.747780142239577,28.2286595453912,6.594027053409557,79.34440418351682,3.4580854971412727,0.3451043508576319,0.3711949239994439,0.0814133454190486,11.290464621391724,0.9750397434109672,0.8797245572444643,5.340495858318208,9.991997517779886,47.20952005299168,27.557580379305577,16.019006986473304,95.44667551248025,0.037660925951751224,8.548838000278879,0.6838002091758454,5.662194073350994,7.406683656393793,11.323633830706969,0.3494648584576717,5.0957961790543616,0.6607946172082025,0.003569376655975094,9.952886040997885,0.0006028866266908889,13.38396905591966,9.20748641751495,2.304070073908774,2.303961232742965,0.0018034862641191716,0.4850842002510033,nan
example/2016-06-09_19-03-42-701-Blankman.csv,Q1,0.0,132.8811865275141,nan,nan,nan,nan,nan,-13.468951486401014,-0.43708899430740006,2.9912834914610964,7.622422390891857,0.08397963314357966,0.991369892473117,0.013301581277672444,0.004915686274509869,3.6400366856419994,9.03418633776088,6.764474889310568,20.24084142947501,8.038446299810246,0.27752112586970257,0.3189562934851366,0.01145072738772929,0.04913542061986092,0.040091334598355385,0.5723299810246665,2.4435524984187182,3.9804555344718637,2.8498623655913997,4.56609759645795,31.214686401012006,14.171804933586355,2.49603769765971,96.51463320683092,0.002172865275142325,10.343045351043656,0.3043918406072108,12.677447881087922,5.10005022137888,18.011705249841874,2.691232447817851,3.9700965211891317,0.41960455407969677,2.1302438330171176,0.02022251739405381,0.004915686274509869,5.048825490196093,4.345695003162564,2.2911718532574303,2.2991037950664155,0.001790196078431329,0.15128697027197996,nan
example/2016-06-09_19-03-42-701-Blankman.csv,Q2,0.014136904761904762,125.37802306547623,nan,nan,nan,nan,nan,-7.410852641369032,2.631675000000001,5.82988039434524,7.738465290178556,0.08213880208333368,0.4779248883928566,0.028219642857142877,0.004253943452381,3.362261197916673,21.532024925595106,7.924578236607134,21.304044345238076,9.243995349702388,3.9153689360119004,7.068633035714289,0.028564657738095238,0.01074620535714283,0.0005108258928571416,1.8804762276785807,1.3727998139880981,16.154707589285675,4.722774069940467,2.3976903645833567,8.056485119047622,26.096060453869057,3.802879389880962,96.55438102678575,0.004139211309523812,13.374371986607137,0.7399394345238105,6.6189053943452185,4.762968452380954,16.58959895833333,5.186859226190461,2.010691927083334,0.23157749255952345,12.459213169642712,1.6290971354166897,0.004253943452381,9.91645792410712,15.074743377976105,2.295301897321425,2.35913273809524,0.0017946800595237777,1.2717636532738088,nan
example/2016-06-08_19-02-40-950-stars33hoc.csv,Q1,nan,nan,nan,nan,nan,nan,nan,nan,nan,nan,nan,nan,nan,nan,nan,nan,nan,nan,nan,nan,nan,nan,nan,nan,nan,nan,nan,nan,nan,nan,nan,nan,nan,nan,nan,nan,nan,nan,nan,nan,nan,nan,nan,nan,nan,nan,nan,nan,nan,nan,nan,nan,nan
example/2016-06-08_19-02-40-950-stars33hoc.csv,Q2,nan,nan,nan,nan,nan,nan,nan,nan,nan,nan,nan,nan,nan,nan,nan,nan,nan,nan,nan,nan,nan,nan,nan,nan,nan,nan,nan,nan,nan,nan,nan,nan,nan,nan,nan,nan,nan,nan,nan,nan,nan,nan,nan,nan,nan,nan,nan,nan,nan,nan,nan,nan,nan
example/2016-03-03_18-01-50-492-interrogator.new.csv,Q1,0.0,122.43985817882181,nan,nan,nan,nan,nan,-11.145670210135975,-4.342417552533983,-1.5218269056448313,19.902968067572765,0.11683164400494439,0.2995346106304089,0.009856571899464319,0.02144886691388564,1.21345632468068,1.7550975690152733,1.642327812113723,34.72027684384027,21.008165925010225,0.5752854552946016,0.5763942727647299,0.11040642768850399,0.7843231973629996,0.0035964153275648953,1.4145355583024308,9.2846605686032,0.2635102183765966,14.261204079109998,38.77382006592505,9.064628182941894,3.2749707457766806,0.8429892871858258,96.89546493613513,0.040319159456118685,9.290644128553799,3.713853110836435,23.146854635352252,8.126873753605254,3.053317511330859,18.355055953852137,0.7980355583024316,0.015318582612278385,0.0023845488257107092,0.27702921302018935,0.02144886691388564,0.6593751545117421,11.553490358466846,2.307650144210964,2.8941967449526196,0.0018285537700864628,0.41252241450350213,nan
example/2016-03-03_18-01-50-492-interrogator.new.csv,Q2,nan,nan,nan,nan,nan,nan,nan,nan,nan,nan,nan,nan,nan,nan,nan,nan,nan,nan,nan,nan,nan,nan,nan,nan,nan,nan,nan,nan,nan,nan,nan,nan,nan,nan,nan,nan,nan,nan,nan,nan,nan,nan,nan,nan,nan,nan,nan,nan,nan,nan,nan,nan,nan
example/2016-03-16_20-24-51-546-thedorchannel.new.csv,Q1,2.127009646302251,195.61354855305467,nan,nan,nan,nan,nan,-5.210334405144695,2.9260415326902423,2.7014541800643115,0.8655723472668804,0.13031945337620596,1.4024390675241163,0.020051125401929305,0.00487229367631298,4.798079099678455,2.824384030010716,-1.033866720257234,10.97366457663451,2.6685733118971044,3.494805948553055,5.946403269024646,0.48834292604501595,1.1793599142550915,5.681920042872457,0.03750541264737432,1.115223901393354,4.755241211146843,1.7085528938906749,0.3681068060021438,25.712105948553067,6.986008306538056,0.7530989281886367,96.20821913183272,0.00020691318327974197,5.004345712754554,0.08541398713826372,1.457137352625938,0.05762572347266887,7.442112379421234,0.22677706323687036,0.6432630760986078,0.012815594855305406,1.216303108252945,0.0018147374062164447,0.00487229367631298,1.2503454448017135,0.02658612004287268,2.3094558413719053,2.524123097534819,0.0017990353697748516,1.5660959271168262,nan
example/2016-03-16_20-24-51-546-thedorchannel.new.csv,Q2,4.756138865368332,188.87852430143937,nan,nan,nan,nan,nan,-2.06330702794242,3.775652921253172,1.62965114309907,0.6026762066045713,0.1897235393734123,2.8102609652836636,0.05398154106689246,0.005194157493649454,4.55704453852667,2.0289223539373413,-5.168591447925486,11.918673243014402,1.827105080440305,5.255696528365797,6.092377646062663,0.4485436917866219,2.137349703640983,6.795581371718885,0.7233910245554628,3.380818966977136,10.40431955969519,6.12081515664691,0.0621548687552922,20.179374089754454,6.1564739204064205,0.5439660457239626,94.91938145639288,0.012256477561388621,6.46403624047418,0.18980414902624915,7.417165537679939,0.12888314987298902,3.364394665537683,0.7407215071972929,0.049635393734123796,0.013337510584250586,7.248050719729007,0.20029119390347278,0.005194157493649454,0.33414521591871305,0.2367480101608798,2.317934377646051,2.3258096528365666,0.0018025402201524196,1.2735084674005093,nan
example/2016-06-08_19-02-40-950-amyflam.csv,Q1,0.7656054931335831,128.82122103620497,nan,nan,nan,nan,nan,-7.525375124843939,2.5720333957553043,0.3737238451935081,9.289461298376983,0.08466538701622989,0.7371908239700409,0.06076813358302177,0.007222690387016328,4.052129119850189,3.6264759675405682,6.597508146067409,21.035600187265903,9.831526123595497,1.3528456616729143,0.2933740324594258,0.08370106117353175,0.0019457865168539235,7.765293383270843e-05,0.4253575218476885,3.329614138576752,0.5716288701622938,1.529701810237208,6.0066369850187025,30.864254525593108,5.33195976903871,3.5345404494382007,97.46911167290884,0.3697473470661641,1.963538139825226,0.04090053058676659,8.643154151061198,4.92634110486889,1.7633074282147274,2.416917915106138,3.9559102059925224,0.15432852684144766,0.0020697877652934766,0.005260611735330787,0.007222690387016328,2.7906845817727794,0.001997347066167325,2.300266791510572,2.301920786516813,0.001825811485642995,0.031106803995005955,nan
example/2016-06-08_19-02-40-950-amyflam.csv,Q2,1.0,127.0067655207535,nan,nan,nan,nan,nan,-1.9996639928698834,-0.14805351413292572,-0.883897440794502,6.452772880061001,0.11589503437738745,0.8408030048383033,0.14998775146422194,0.3461466004583631,4.267443290043286,8.231126114081846,-4.239697555385809,28.495683129615497,7.964052813852746,0.6157783804430897,0.4938055767761666,1.3969039215685841,0.10261494779729773,9.629488158899848e-05,5.843620371784982,4.484692093200905,3.5775937611408293,6.4749632034632265,17.52265201171373,35.35571503692393,10.880678125795756,6.031940106951843,96.8939652024449,0.019907754010695434,2.0347935701553186,0.28158190730837834,16.321549108734423,6.694101998981359,11.689472510822519,2.615662121212131,2.309818869365923,0.011096842373314144,0.6076265087853406,4.313209129105626,0.3461466004583631,4.655492959001788,0.3691273363891225,2.3015646422205465,2.32213069773365,0.0018044181308884896,0.09698552330023001,nan
example/2016-03-03_18-01-50-492-bpark014.new.csv,Q1,3.588815789473684,102.96466377467112,nan,nan,nan,nan,nan,-0.03482816611842076,-13.577134333881594,1.3482917763157893,10.45665810032888,0.24286385690789525,3.2348522615131525,0.19932356085526293,0.010938856907894791,7.9619356496710445,3.191391940789491,3.3731972861842165,31.66582960526316,11.131285032894723,1.2802617598684227,3.29222446546053,0.1933837993421053,0.8753282483552648,7.306723108552629,0.5782748766447336,2.1119608963815764,16.892447121710532,7.186367023026306,2.3581390213815916,45.70131821546059,5.944124013157892,0.6013385279605243,77.60588832236819,0.0005718749999999989,2.0931990953947412,0.07050867598684213,7.336131044407867,4.614218503289481,17.51509420230263,0.22792150493421465,7.237313404605233,0.006496669407894393,10.931259662828664,0.05526319901316008,0.010938856907894791,0.6552829358552619,1.8873082236842293,2.5019655838815624,2.622263157894722,0.0017637335526315139,2.1450468338815702,nan
example/2016-03-03_18-01-50-492-bpark014.new.csv,Q2,16.97803897309001,105.5035474172595,nan,nan,nan,nan,nan,0.41630881534178804,-3.17993417878132,1.1681914011753802,1.9701258274048898,1.8449121868234075,4.1779030003093105,0.653933281781629,1.4226684812867174,3.5523849365914093,3.386695484070525,-6.447279832972493,22.442946984225113,2.4123656047015287,1.044772471388806,5.891562697185282,8.175392329106069,3.003880760903184,5.418702103309601,0.48157977111042144,1.5354625734611815,9.802779554593256,3.1935998144138447,1.0601266006804855,27.474668790597033,7.928275162387886,1.9841040828951586,96.8191256418184,0.00031082585833591095,0.3339509124652027,0.5671864831425929,1.7313161150634173,1.0841904113826213,17.552393411691938,0.06780151562016763,1.3149365914011562,0.0015964120012372123,4.5411477575006804,0.45096575935663336,1.4226684812867174,0.8576615836684204,1.120732075471735,2.3448522115681834,2.6177154345808753,0.0018000000000000156,0.4099079183420993,nan
example/2016-06-07_12-20-38-706-pkaye.csv,Q1,4.604705882352941,92.98172100000015,nan,nan,nan,nan,nan,8.665679647058822,4.5893331176470555,4.701848999999998,13.359116470588212,0.05751911764705875,0.6362969999999989,0.018227941176470596,0.009087235294117667,5.835698764705886,6.356420764705897,9.223455470588238,26.026142764705874,16.267063999999987,0.01516282352941172,5.429524588235293,1.291944705882349,0.002608705882352967,0.004992529411764715,4.737135823529411,2.632274529411781,1.3465558235294235,7.460569294117633,4.403900352941187,35.93191129411758,11.32516617647057,2.2088502941176564,94.63020435294112,0.0030235294117646984,5.492804117647059,0.6677657058823524,7.508478176470559,3.175805000000008,11.696934647058832,5.130230411764689,4.09257523529413,0.0748027058823544,1.2009185294117632,2.5308442352941314,0.009087235294117667,2.029801294117643,5.042598235294162,2.885010588235283,3.3759596470588176,0.0018000588235293565,2.49523582352941,nan
example/2016-06-07_12-20-38-706-pkaye.csv,Q2,8.452482269503546,89.7983476595744,nan,nan,nan,nan,nan,10.335749858156046,6.339733333333328,0.8971426950354631,12.733933120567361,0.07764531914893623,0.6145200709219859,0.008858652482269497,0.020878652482269524,6.364739574468073,7.307504822695049,6.57742617021277,30.058121347517734,16.6503640425532,0.0421853900709221,8.700004964539003,0.16689900709219918,0.002641489361702127,0.07425879432624129,1.5789843971631228,7.0291601418439855,1.3362711347517708,16.303774680851074,8.259040921985822,26.028957375886527,13.51595730496452,5.258661063829802,93.21067446808503,0.008885744680851074,1.5324892907801448,0.3046739716312058,13.38388035460992,10.67786007092198,10.207949148936152,8.91402652482267,0.7375907092198593,0.10093858156028415,0.61373588652482,0.6548069503546093,0.020878652482269524,3.012795815602836,12.877423404255254,3.727686312056739,4.6638406382978745,0.0017999290780141603,3.4723719148936274,nan
example/2016-03-15_19-03-37-642-AMYURTQIMAC8T.new.csv,Q1,0.0034802784222737818,96.9972674013922,nan,nan,nan,nan,nan,-9.949569025522042,-2.340023781902552,0.6084148491879339,2.029227726218106,0.23147238979118323,3.499432250580034,1.613789907192573,0.31038433874709975,0.46706032482598653,5.904776798143859,-16.855186310904873,42.22671693735502,5.599000232018567,9.578806496519718,4.011544315545245,10.2466674013921,0.6776581206496536,9.604379350348028,7.715555684454757,9.25426972157773,1.8102665893271448,15.292841415313267,33.999695939675156,7.867946867749429,9.106672737819018,4.220706264501158,94.66528445475633,0.02986287703016218,28.994640371229682,0.16556542923433867,20.83262749419955,4.005459628770295,7.649312877030156,0.2807121809744784,0.07271879350348033,0.10766635730858554,0.002625638051044091,3.5429158932714664,0.31038433874709975,1.3470479118329481,2.3594980278422253,3.430852204176328,8.901584918793512,0.001801972157772641,0.044206612529002105,nan
example/2016-03-15_19-03-37-642-AMYURTQIMAC8T.new.csv,Q2,nan,nan,nan,nan,nan,nan,nan,nan,nan,nan,nan,nan,nan,nan,nan,nan,nan,nan,nan,nan,nan,nan,nan,nan,nan,nan,nan,nan,nan,nan,nan,nan,nan,nan,nan,nan,nan,nan,nan,nan,nan,nan,nan,nan,nan,nan,nan,nan,nan,nan,nan,nan,nan
example/2016-06-09_10-21-37-95-describer.csv,Q1,0.0,146.4312777025395,nan,nan,nan,nan,nan,1.9687396856106407,-1.7859386215235757,4.093731946795643,30.35937155985495,0.11732619105199475,11.404724425634852,0.5344180894800531,2.19131939540503,12.527324836759389,21.087887883918444,18.908027617896067,53.41070447400244,35.841261547762905,0.193314897218863,15.581723240628762,8.420584159613064,13.817980314389363,2.3881128415961324,4.895868512696449,0.5873757436517482,5.928498718258765,10.240309649334934,1.7716317291414856,34.78508621523575,25.497429068923896,6.07723758162032,90.36053874244251,3.0063967110036267,8.215178694074966,4.23194534461909,12.570455646916516,13.653648899637252,28.287729093107576,9.813911777508967,8.019704232164402,0.6778463845223724,0.5549005320435381,3.926345683192164,2.19131939540503,12.822759201934693,14.04698735187369,2.5553479564691446,2.555849141475193,1.2476865054413562,10.480853736396632,nan
example/2016-06-09_10-21-37-95-describer.csv,Q2,0.5154419595314164,153.8987282367256,nan,nan,nan,nan,nan,1.166914879050667,2.3250308230640497,1.9170863228358468,51.407933302905995,0.37492218165222374,18.111287266088638,0.3524483036665151,0.594927308687056,17.942822181652197,6.357642583295035,27.652844165525654,81.398005172675,62.30624446980065,2.58728017647954,20.34359256047475,17.63797702723267,27.978585699071925,8.804292317054605,10.497967092651734,3.8900440438156143,5.679164247679871,10.808885790354438,4.181806115928785,55.01066853795831,10.40011040620721,6.716553263349959,95.05405699071956,3.126793412444833,9.441632648714428,11.261830381865263,8.170331994523009,3.8190557584055855,36.512691815000856,12.968437106344037,10.058507165677652,0.8621305492165013,1.2980268522744756,7.522189639433423,0.594927308687056,2.4732080176479503,26.422104016430925,4.13762367259999,2.492446356306083,0.5950999847862546,13.708419534459201,nan
example/2016-06-09_09-05-50-814-chomp.csv,Q1,0.0,96.82213667232597,nan,nan,nan,nan,nan,29.475747538200334,-10.632918505942268,2.7176117147707997,0.00036468590831918496,0.0015074702886247872,0.1390565365025467,0.02198183361629881,0.0032955857385398983,0.30498862478777594,2.9956095076400677,-3.2275200339558574,3.9524212224108672,0.001080645161290322,0.07402750424448218,1.5425736842105269,0.7137984719864175,0.006542275042444821,0.02962088285229202,4.68064533106961,0.008872665534804754,1.1311178268251272,1.0688086587436332,0.0024130730050933784,0.9806753820033955,4.147072835314091,0.29376604414261465,85.01857300509344,0.044390152801358246,1.5657724957555175,0.7196826825127333,2.1253522920203745,0.28360254668930396,0.22124312393887943,0.00032818336162988095,0.0019638370118845476,0.002198641765704584,0.021164176570458403,4.269731748726655,0.0032955857385398983,2.675134125636672,8.408529711375213,0.5349930390492359,0.9525658743633276,0.00042003395585738505,0.0074010186757215626,nan
example/2016-06-09_09-05-50-814-chomp.csv,Q2,nan,nan,nan,nan,nan,nan,nan,nan,nan,nan,nan,nan,nan,nan,nan,nan,nan,nan,nan,nan,nan,nan,nan,nan,nan,nan,nan,nan,nan,nan,nan,nan,nan,nan,nan,nan,nan,nan,nan,nan,nan,nan,nan,nan,nan,nan,nan,nan,nan,nan,nan,nan,nan
example/2016-06-09_19-03-42-701-slothbear.csv,Q1,nan,nan,nan,nan,nan,nan,nan,nan,nan,nan,nan,nan,nan,nan,nan,nan,nan,nan,nan,nan,nan,nan,nan,nan,nan,nan,nan,nan,nan,nan,nan,nan,nan,nan,nan,nan,nan,nan,nan,nan,nan,nan,nan,nan,nan,nan,nan,nan,nan,nan,nan,nan,nan
example/2016-06-09_19-03-42-701-slothbear.csv,Q2,nan,nan,nan,nan,nan,nan,nan,nan,nan,nan,nan,nan,nan,nan,nan,nan,nan,nan,nan,nan,nan,nan,nan,nan,nan,nan,nan,nan,nan,nan,nan,nan,nan,nan,nan,nan,nan,nan,nan,nan,nan,nan,nan,nan,nan,nan,nan,nan,nan,nan,nan,nan,nan
example/2016-03-16_10-05-49-922-annabanana.new.csv,Q1,0.07255747126436782,142.79711961206905,nan,nan,nan,nan,nan,-14.012320833333344,-1.8150550287356324,0.23082284482758658,18.65270668103449,0.19397262931034465,1.2456392241379282,0.011950431034482758,0.002928951149425294,10.61737895114942,0.6303774425287328,18.903124640804563,40.568809482758674,20.272209123563233,3.311689583333336,1.4028636494252882,0.039406896551724205,0.16711558908046065,0.0441730603448276,0.03982500000000017,0.06387823275862102,0.23622607758620703,1.0221573275862026,1.0422037356321814,65.80829748563207,2.405285991379313,1.8345336206896583,97.04292011494242,0.10290553160919562,1.322924497126435,0.1023520114942528,3.4283882183908094,2.6134058189655205,14.213147629310326,0.1732980603448285,11.957857471264317,0.06903577586207113,0.0020063218390804207,0.0018179597701149216,0.002928951149425294,0.182896551724138,0.0036111350574712553,2.3188607040229803,3.5323271551724136,0.0018068965517241153,0.6809079741379322,nan
example/2016-03-16_10-05-49-922-annabanana.new.csv,Q2,1.990650969529086,140.9741603531858,nan,nan,nan,nan,nan,-15.988925657894715,-0.5549918975069249,-0.08238081717451375,11.522445048476321,0.19336173822714725,1.0886131578947391,0.9321751385041551,0.004378531855955697,8.180194355955699,2.2026086911357456,3.141759660664838,31.171847264542954,12.70949120498614,10.254686149584478,0.6349453254847651,0.11437164127423805,0.0025982686980609467,0.3649477839335147,6.934190927977838,0.24512915512465228,0.9609692867036045,4.220856094182834,2.6794020083102597,51.29579293628818,4.819469355955681,3.000851385041556,96.97751430055426,1.1814674515235521,1.594534418282555,0.08846135734072016,4.938922541551252,1.8291805747922507,9.866085422437664,0.3071538088642672,8.486307860110655,0.16169051246537566,0.004169286703600949,4.301601523545697,0.004378531855955697,0.9436414473684209,0.7478617382271524,2.299141897506916,2.769043247922418,0.0018201869806094176,0.07950550554016574,nan
example/2016-06-07_10-39-27-339-animebuddy37.csv,Q1,0.16545574636723911,103.69486043593137,nan,nan,nan,nan,nan,-8.405186492734456,-5.464958784676356,-2.7468078599735826,3.296408388375154,0.01865188243064719,0.4789609973579934,0.017571763540290677,0.013256770145310437,0.9121792932628816,10.863021169088519,4.8697602047556146,6.653779887714667,4.834402212681624,0.008075396301188923,2.374859511228536,3.4346103038309125e-06,0.05216895640686922,0.18444336195508618,0.009378566710700073,0.37296605019815054,0.8200949471598419,2.717749537648615,2.3775492073976268,7.542300759577273,14.587915488771475,0.9158943196829589,95.51554851387053,19.306082265521738,5.667176287978881,0.01094415455746365,5.705688507265511,1.1128415455746388,2.2785460039630134,2.942036624834859,0.5479455746367237,0.0073210369881109546,0.002476023778071355,0.0018038309114927365,0.013256770145310437,6.67833239762219,0.624123778071326,2.4499971268163536,2.3064490422721002,0.005011690885072581,0.03571354029062084,nan
example/2016-06-07_10-39-27-339-animebuddy37.csv,Q2,3.1326012129159153,104.25380981806244,nan,nan,nan,nan,nan,-7.527485231929193,-1.2321003442058698,-3.490712768398627,2.7188210129486614,0.6279009834453697,2.1181106048188747,0.03010675299131259,0.20175980986723208,4.569065530240926,7.693260498278972,0.14777456154728325,19.03069309949183,4.878587493853466,0.057688755941649086,5.810318111784949,1.7344513194558013,0.6968190952302921,1.428529896738223,2.5818644976233123,1.639976692345518,1.3708617931486693,2.6125446975905504,1.852413899360763,26.712723258482253,13.886949024750045,1.2099354204228892,98.16991421078511,23.096507162760297,1.381202065235209,0.4888919685297475,5.299195246680864,0.38909954105884287,4.376153925585989,2.5992510735944983,0.18115574495984496,0.0225174069824621,0.004389149319783086,1.785481970168827,0.20175980986723208,2.3102771021144073,4.371236321913855,2.367639354204231,2.3627826913620766,1.0864694312408614,0.8375995902311144,nan
example/2016-06-09_09-16-19-112-pacers101.csv,Q1,0.0,150.17693455900607,nan,nan,nan,nan,nan,-10.561997788819877,6.413850012422365,-0.029001838509316865,8.067769689440986,0.20794280745341504,0.6616744099378892,0.28590146583850756,0.5488686956521782,6.017610658385093,9.099177888198753,7.698624024844725,24.96419900621116,9.262801813664604,0.8699158757763982,11.865873888198754,8.454615577639753,0.2879598012422357,0.00014626086956521635,0.1946243975155269,0.02356631055900636,6.4354835527950245,6.1527999751552755,1.1281458633540364,24.469524645962682,10.927679428571427,5.569682310559002,90.3498097142858,0.6709334906832316,14.872533316770173,12.266674931677024,9.3953055652174,7.24434154037267,8.948403826086944,1.3648029316770187,5.593204472049697,0.23849199999999998,1.3727701614907037,0.0020263602484472663,0.5488686956521782,1.1022835031055944,20.016998161490687,2.285468298136691,2.286274559006259,0.5042325714285727,1.3536317515528287,nan
example/2016-06-09_09-16-19-112-pacers101.csv,Q2,0.0,154.9780573375119,nan,nan,nan,nan,nan,-16.065088772312297,7.994386060771193,-0.3868295680610437,0.9217386019893822,1.040230303856117,1.6458896307398885,2.8670002861425288,4.715045196893309,3.5696495980378726,4.571909374574187,-11.215259613026253,28.886217114048154,1.007948971249491,3.077164586455933,3.8957364491074964,30.543105463959634,0.6298584139528582,0.00010478266793841129,2.219549925057891,0.013954462460826041,4.055703529091149,4.968636217468304,0.20759780624063093,15.756882763319274,5.8933242676113915,7.592542335468033,91.68977326611264,0.5605175909524466,3.6827921787709483,20.35763906526776,6.336498705545673,1.1665413680337966,5.139488390788925,0.46075883635372783,0.392710914293502,0.00390407412454009,0.5168259708407599,0.9434454557842115,4.715045196893309,0.5197196620793076,20.368916214743003,2.2977584003270213,2.2970945224144943,0.0018318572012533607,1.7646461370759012,nan
example/2016-03-11_16-16-40-42-interrogator.new.csv,Q1,0.0,132.56057564393967,nan,nan,nan,nan,nan,-11.778562651515143,-2.6236400378787867,-0.5280217045454548,11.671007462120846,1.3516046590909094,5.958903712121195,0.012082272727272815,0.021969356060606404,6.515975454545452,3.0472071590909127,-7.171198446969694,35.984618068181845,12.711871136363552,2.970938560606066,3.84787712121211,0.14666602272727283,4.994693977272724,0.9357728030303035,1.7042852272727305,13.890441666666682,1.7309375378787883,6.621447575757566,33.72815999999997,24.771667613636374,5.7227321590909055,2.1840431439394004,97.54258746212129,0.5199445833333316,7.930042878787852,1.8481822727272712,16.745510416666633,3.696383977272736,7.536844469696974,8.346296931817697,2.8416384469697014,0.05122424242424328,0.5421907954545426,0.07693799242424271,0.021969356060606404,1.2577526515151536,32.59706568181806,2.3070547727273003,2.307378484848513,0.0018040151515151155,3.59312708333339,nan
example/2016-03-11_16-16-40-42-interrogator.new.csv,Q2,0.0,137.70927042494822,nan,nan,nan,nan,nan,-12.101361069225533,-2.721049691569567,3.1707599725839564,8.395519602467282,0.4187064084989715,17.248704729266603,0.021130431802604613,0.08790435229609359,3.5013827964358852,1.4800500000000176,-9.246403632625073,35.437260863605246,9.15034307745029,0.21165188485263847,0.12333810829335114,0.5826215215901311,14.900980808773173,2.5532876285126913,2.8870555860178175,10.170636874571619,0.9866143934201501,6.864752398903361,20.72722652501716,29.550358567512,4.0305775531185715,4.824226079506511,96.61922189856047,0.00010061686086360501,14.008025085675088,4.461166072652495,12.483444139821787,4.989799554489372,7.6963390678546855,4.125648766278276,3.3443313570938895,0.11845661411926073,0.03209030157642221,1.6676133653187288,0.08790435229609359,6.459904043865654e-05,51.33557292666211,2.3283326936257773,2.3059976353666896,0.0017999999999999908,0.06751028101439364,nan
example/2016-06-27_18-38-55-777-xyjiryo.csv,Q1,0.9743387287801026,199.33759585471753,nan,nan,nan,nan,nan,-24.84467414133441,-11.601264311093534,-7.5341084879589415,0.0017816423213580397,0.005913936044216258,0.3718512435846822,0.030472601658112976,0.005784761152783319,0.2539311093564942,2.2509851954204514,-4.752684011054088,3.898246545598099,0.00223975523095144,1.7195001973943957,1.041697473351757,0.28897568101065996,0.04973734701934473,0.000983458349782869,0.11034792735886241,0.17795977102250263,3.751984011054078,5.379702052901689,8.429806040268451,1.0936007106198222,5.333348124753265,12.784386498223478,85.0477061981841,1.3201481247532554,0.3661608369522301,0.6978611527832612,1.051708527437819,1.769457797078564,4.608117647058821,0.0017500592183181585,0.0018600078957757577,0.0019325700750098575,2.086475720489546,0.0018548756415317621,0.005784761152783319,0.25725799447295694,0.06979932885906279,2.3085443347808923,2.738885076983822,0.0018980260560600235,0.045800868535333675,nan
example/2016-06-27_18-38-55-777-xyjiryo.csv,Q2,1.0,204.66983768739422,nan,nan,nan,nan,nan,-24.486648794159816,-12.020246734454403,-7.808967657411036,0.001850215095815307,0.22212450788684662,0.9604827271542137,0.8827000260722228,1.392784669534602,1.2006044453135187,4.832045913179502,-12.486309607612998,12.482919241298353,0.0010062051883717982,4.080501798983187,2.16965576847868,7.3758143527571445,0.5339788684656512,0.053831873289010394,8.16559015773686,1.4413787772128657,8.190942797549152,5.763040998566003,5.1350291487420145,10.040381879807079,7.35997895971841,16.643201029852623,81.94639612827531,0.05504955025420438,1.455438821535665,1.4688889453787024,4.764073445443868,5.55001658193194,4.311983391995826,0.0014054751662103398,0.0029511015512969827,0.004908760265936411,2.278639773171394,5.917816946942371,1.392784669534602,1.8635296050058716,0.44434643462394263,2.143529826619714,2.355733607091618,0.0016834311041583276,0.2337092034936756,nan
example/2016-06-09_09-05-50-814-jay24.csv,Q1,0.6258808456117874,140.75286274823878,nan,nan,nan,nan,nan,-2.47040992953235,8.09967713004485,1.0176825112107604,25.438216495835903,0.19709330557334942,2.326687956438177,0.006889429852658547,0.005088116591928234,11.816871620755903,7.190503267136443,22.742973158231923,49.07458680333105,26.728313581037725,0.7529847533632308,9.639991031390121,2.832137315823187,4.988969346572713,0.13041623959000542,1.3605140935297864,1.3299879884689394,9.406318065342719,7.592572998078134,6.2281356822549485,57.77205557335058,14.182436258808464,1.3750415438821317,91.86057158872529,1.1433002242152503,21.70615611787317,2.6570876681614357,16.98900144138365,5.72948414477898,23.624523030108858,0.3990552530429255,18.276995932094888,0.1651069827033978,4.404517969250389,0.3415819346572711,0.005088116591928234,2.2838907751441466,2.5150259128763657,2.3095638052530507,2.538997341447795,0.001989493914157616,4.659793657911585,nan
example/2016-06-09_09-05-50-814-jay24.csv,Q2,1.0,132.32221637334078,nan,nan,nan,nan,nan,0.16342048470860035,9.824541113675734,-0.40876481534910386,25.004641777264663,0.22661705135603036,5.129081246393555,0.10147375937680325,0.036577510098096275,9.824301211771484,8.330843695902924,18.5304785054818,47.48409646566627,27.153527120600096,5.377241546451255,3.904066055972307,3.499928837276396,8.865642383150597,0.06747807270628961,1.4076307703404338,0.7924958309290336,9.770034593190966,2.2420870023081263,2.22928766589727,60.396828346797356,15.721653029428811,2.174123456433926,88.57481631563736,5.703904472013829,4.814788026543561,3.2109682054241153,2.200860877091746,3.537595109636465,24.591164671090677,0.7388529717253302,10.258213949797968,0.012153866128101438,2.3524288805539255,0.6558142815926242,0.036577510098096275,3.0683532169647805,8.45543517022504,2.72908361223312,4.003082429313346,0.38167426428158907,1.4271567945758836,nan
example/2016-06-07_12-20-38-706-interrogator.csv,Q1,0.0,147.85429418386477,nan,nan,nan,nan,nan,-13.423408849280804,-8.046924890556596,-2.1243656660412706,12.74105465916175,0.7485818949343607,2.8100655409630995,0.04805847404627906,0.008986116322701734,7.622323889931202,1.9268173233271093,-4.9249517510944205,33.690158692933245,13.526144934333857,6.029717854909305,6.168025015634746,0.26461328955597285,2.8327492495309547,0.0033514696685428215,7.734516666666673,9.38170459662285,0.142927204502814,2.8325496247654662,23.038165478424023,22.011140494058786,3.8950770481550916,3.6492428080050097,93.55144859287071,0.0023872732958098828,7.732411382113788,0.639101844903067,9.045601657285752,10.695788492807837,2.8686003752345215,8.845243026891144,2.725157442151385,0.3088931519699836,0.001894152595372133,5.991995809880683,0.008986116322701734,0.6099285490931823,17.702488055034504,2.3325389931207186,2.3226422138836926,0.0018011257035647412,3.2974418386491955,nan
example/2016-06-07_12-20-38-706-interrogator.csv,Q2,0.1136173767752715,157.60229941520456,nan,nan,nan,nan,nan,-13.999549456975755,-9.282958020050106,0.3234064745196323,12.732301796157055,0.07063897243107921,9.754961737677512,0.01653675856307445,0.0066771094402674125,2.519312573099427,2.4127065580618456,4.5470997493734275,26.301582163742715,13.18524991645783,0.09111048454469516,0.06680371762740184,0.40631666666666644,10.76354870509609,0.12125338345864756,1.2591739766081904,4.519009314954056,0.4706033834586452,3.4426314954051787,4.907985839599,22.45970150375941,5.668834126984133,7.355625355054294,91.6720928153718,2.0885547201336675e-07,6.828651169590634,1.715911152882209,3.7374998746867196,3.8680769005847977,2.412261069340018,9.23720764411027,2.0075459899749144,0.04419674185463734,0.0021205931495404924,0.8082089390141984,0.0066771094402674125,0.01317192982456141,22.35547451963245,2.299902923976598,2.299911988304084,0.0017984962406014384,0.032975730994152276,nan
example/2016-06-09_14-57-19-201-RobbyRoo.csv,Q1,0.0,121.57867562937979,nan,nan,nan,nan,nan,-6.840905709836501,-2.6753748248118367,1.5619857254087708,50.83596574098094,0.15011544251232892,2.9583468206592243,0.005845782507137307,0.008289618479107164,16.012819984427683,0.7326546846613772,29.33813955359455,65.61356088762044,52.986632104852795,1.4497282636906292,10.926037840643621,0.3888013236439124,5.425914586036863,13.812198702309926,0.22014702828964375,19.615311705164807,3.601691409291457,8.809947002335804,16.396352426680476,60.604051933558225,3.8223448222164267,3.2894405657928867,96.36893270179068,3.890876537762782,18.761105683882658,3.74393592006229,17.63322979496493,31.727132364391284,17.027607941863543,12.438180638463535,26.921105891513076,1.25926901116014,1.1237588891772659,0.0019097586296392829,0.008289618479107164,0.017742148974824817,10.403888554373278,2.50524502984684,4.568677342330657,0.07852377368284438,7.446319491305492,nan
example/2016-06-09_14-57-19-201-RobbyRoo.csv,Q2,0.0,108.71050331265818,nan,nan,nan,nan,nan,-5.237237425993794,3.1057207217366773,0.371251296870595,45.286636692980046,4.6874975472229945,2.982052875669559,4.66725954327599,0.1995230899351564,35.50785187482391,3.1857016210882474,15.359718508598801,76.74501234846139,49.59135422892526,8.522742331547793,42.2057830420073,7.321196306737987,3.107123865238222,7.438590597688166,12.334848985057784,21.204954708204085,4.3626836904426245,19.97076294051308,14.326426797293436,62.785231068508516,5.34257533126584,8.925597631801459,96.46873371863548,9.923760544121812,19.435388497321803,5.266958669298002,24.472519537637424,28.949726670425687,27.540104341697223,7.756940499013077,15.154714152805102,1.8213175077530177,1.8018517479559961,7.921777868621164,0.1995230899351564,1.517410501832537,14.381122638849677,3.4621753171694056,5.221497575415858,0.4065789681421193,28.595324936565994,nan
example/2016-03-15_19-10-47-33-Rosethorn.new.csv,Q1,0.6850533807829181,90.63908514234879,nan,nan,nan,nan,nan,6.009075978647684,2.4335626334519556,-2.9024394572953747,63.14770467081847,0.03366823843416365,0.30924435053380783,0.010650400355871873,0.00223225088967972,12.865276779359386,0.12543274021352208,56.38254012455513,73.62931668149535,66.27972851423495,1.6563102758007133,10.173685409252657,0.013690035587188594,0.008363834519572913,0.019528959074733156,6.44815435943059,2.0898862544484014,2.81330667259788,5.484751868327395,9.868610186832731,53.102223309608654,1.4460290035587275,1.631213078291815,95.48135778469754,12.50656516903914,9.264574332740192,0.046312233096085426,7.143066147686836,11.781818060498193,29.090365524911025,25.271981494661926,25.33963029359423,0.10751583629893322,1.9550192615658697,5.021567126334524,0.00223225088967972,0.008243104982206408,1.7347662366548058,2.6159571174377465,6.280278158362966,2.4430166370107114,5.674231227758024,nan
example/2016-03-15_19-10-47-33-Rosethorn.new.csv,Q2,1.0,89.59991032486349,nan,nan,nan,nan,nan,7.968679382438083,2.735819427468643,-0.25412547442907857,65.2603328079769,0.053649404953361936,0.36863956256031005,0.004927822450948839,0.0059200385976197955,11.896838919266633,0.3503761338050661,57.774643904792384,76.53234506272169,66.85641717594046,0.9858411064650994,8.054504117079441,0.012909681569636572,0.08968394982309406,0.09588851720810487,4.470094306851042,2.933727211321971,4.933483531682216,6.190987520102891,11.769368928916036,61.39873264715337,1.6047383724670359,1.7368335477645729,96.91500228369247,4.536769379221614,12.955608201994208,0.07299469282727566,6.104602894821491,10.549046059826306,34.77347651978126,21.13344480540359,31.606978160180073,0.09395940816983081,2.0125993245416716,3.518619620456715,0.0059200385976197955,0.029220842714699307,2.632487873914445,2.5373439369572393,4.758101286587287,0.6431110003216445,4.446407462206496,nan
example/2016-03-15_21-12-05-243-interrogator.new.csv,Q1,0.0,121.11729363636391,nan,nan,nan,nan,nan,-7.22470660606061,-2.079084363636362,-2.855254787878784,5.251385515151509,0.05332509090909096,5.435809212121193,0.018438060606060718,0.005674181818181865,2.496916060606069,1.504334000000002,-7.213285696969704,22.58739024242429,5.8662081818181315,0.21427624242424134,2.2139430303030263,0.0012104242424242275,5.293782484848488,0.011745575757575752,4.683530727272737,2.9670119393939354,0.5149997575757574,5.259648909090898,20.216207696969704,14.708303939393954,3.656398060606059,1.1886936363636353,97.75566442424228,7.733333333333316e-05,8.246688424242409,0.564872303030303,13.628407393939403,1.828964666666671,2.6463807878787877,2.108855151515169,2.713831575757579,0.015212242424241983,0.002635030303030284,3.1577507272727434,0.005674181818181865,0.052778787878787904,15.79768078787879,2.3107783636363477,2.3301621818181646,0.001799999999999949,0.42526315151514993,nan
example/2016-03-15_21-12-05-243-interrogator.new.csv,Q2,0.0,121.08993572189667,nan,nan,nan,nan,nan,0.6491575119872163,-2.6408098028769276,-2.5346758124667015,1.9228035695258456,0.03865229088971736,8.373955514118277,0.017249920085242412,0.004323521576984639,1.355190223761324,1.6576395578050123,-3.4363746670218527,14.178632365476826,2.1904162759722996,0.006115823122003189,0.15429760255727265,0.004729834842834241,6.9485163292488155,0.09529797549280675,0.0666027171017582,0.18180942994139593,3.141630420884395,3.290472749067666,6.753229754928073,13.157626691529018,3.1756916355886995,1.92787573255196,97.39591025572712,2.9381992541289292e-05,3.3860560202450816,1.173846377197657,5.687994725625995,0.8927795950985623,7.301641555673927,1.7096277304208845,0.21580879062333921,0.009011587639850615,1.2042883857219222,0.0018294352690463873,0.004323521576984639,0.17403508257858247,16.733978396377232,2.314485482152402,2.3196933937134037,0.0018000000000000477,0.0636132924880112,nan
example/2016-06-09_10-21-37-95-interrogator.csv,Q1,0.0,122.5735060569716,nan,nan,nan,nan,nan,1.0696131034482754,-0.5462817391304342,1.651046986506736,22.16512974512729,0.05879835082458796,0.46433910044977617,1.0164136731634257,0.018165187406296898,6.356610674662676,4.1938780809594665,-4.9146110044977585,39.16976548725633,24.02033400299846,23.63792503748138,0.5150140029985005,0.1132820689655176,0.04721847076461762,0.7207913943028559,8.322265967016511,29.56098026986514,2.0447195502248894,8.280993013493262,17.103094992503745,25.123492083957977,9.323212443778104,0.4330453073463231,92.75351220389815,0.2720645877061449,8.586211844077964,0.024374062968515648,5.8056066266866635,7.334356281859067,17.86508695652173,9.041794272863543,11.280933043477841,0.01717463268365855,0.0027955622188905556,7.053645997000597,0.018165187406296898,1.0960670464767717,9.773100869565186,3.0435647076461905,2.8933607196401865,0.016944227886058795,0.35812728635682,nan
example/2016-06-09_10-21-37-95-interrogator.csv,Q2,0.0,116.66541626387952,nan,nan,nan,nan,nan,1.8200792292619217,5.418961822338344,0.2639756531678642,3.467525767471994,0.07678891247550623,2.1537492325277614,0.14741642717178322,0.016329670150228723,3.3162375244938014,9.63602803723055,-21.97884898758974,20.76404536250817,4.292665871979108,15.959157707380852,2.0732524657086833,0.1592147615937291,0.24653082952318636,11.026561087524465,8.74943749183542,18.07672222403656,5.1208124101894175,11.995542619203123,14.9649876061397,18.065047632266534,14.593782348138454,0.45301848465055466,92.05643551600274,0.09254371325930653,8.303565447419954,0.13382756368386675,5.601534699542771,3.01409704441543,13.546805845852374,1.7768411169170293,1.370433507511434,0.024111218158067778,2.2495715055519008,7.320597599608038,0.016329670150228723,2.9700084748530315,9.318843174395926,2.8943058131939083,2.899768174395739,0.008755584585239737,0.2007054376224696,nan
example/2016-06-27_10-18-39-581-blueamy.csv,Q1,0.0,157.56405811688307,nan,nan,nan,nan,nan,-5.9827659090909115,-4.747307792207795,-2.218173701298703,18.35279220779222,0.47063603896103945,2.1419480519480514,0.09048668831168827,0.5561662337662339,1.6145581168831173,3.0189490259740253,-3.063322727272735,36.00427857142856,20.130121103896112,0.05467240259740258,0.7854993506493504,3.586471753246753,1.6448727272727268,2.786810064935066,0.4687418831168834,13.152925649350646,3.5959435064935072,33.39871461038961,19.30269740259739,16.421800324675317,5.827446103896103,0.7759454545454549,95.70190227272722,0.4584892857142871,0.889546428571429,0.34617045454545453,23.80113051948052,17.864777597402593,5.3992896103896095,7.058248051948059,6.106195454545459,0.0018795454545454601,0.021864935064935007,0.8836542207792175,0.5561662337662339,0.11288571428571426,12.921299025974053,2.7941126623376666,2.344616233766237,0.00183279220779222,0.06571753246753238,nan
example/2016-06-27_10-18-39-581-blueamy.csv,Q2,0.9727642276422764,148.50926975609738,nan,nan,nan,nan,nan,-4.741222845528459,-1.3206805284552796,-1.6043570325203205,7.209867398373918,0.11319418699187042,1.9103803658536553,0.1257701626016268,0.30714845528455226,4.1875524390243895,1.4319365447154524,-16.182844552845538,31.769577601625965,8.823254999999998,0.21053142276422754,4.353372642276429,0.9489958536585361,1.4799944308943098,0.7179404878048765,0.4168832926829222,21.86547540650405,6.561117235772353,32.95379105691061,26.474215772357717,22.737960853658567,3.4229539430894342,2.7054109349593567,97.47892548780491,0.9721773170731992,3.367421585365863,0.23126658536585315,25.53420837398369,11.265336178861793,18.809264146341448,3.096911951219524,2.2349450813008085,0.05304451219512211,1.6806076016260307,0.06980609756097811,0.30714845528455226,0.2262987804878045,26.926162357723577,2.519226097560964,3.0949830487804793,0.8152009349593516,1.4335136991869797,nan
example/2016-06-09_14-57-19-201-spottmonsta.csv,Q1,0.0,124.10754299738217,nan,nan,nan,nan,nan,-10.385662630890048,-6.003891623036633,-1.9884380562827217,23.765661943717213,0.08700451570680638,6.997105268324609,0.008955235602094274,0.0028183900523560375,8.738157984293185,8.709787009162417,15.244318488219877,40.90349535340329,24.81053475130893,0.24225896596858623,8.083992768324586,0.1309742146596841,9.859900589005253,2.694268586387436,1.1477796793193722,1.7807324280104946,0.4404531086387395,3.915273331151835,5.327747840314137,49.95009309554979,11.088741917539288,7.829474247382166,93.0549464332459,0.28095235602093976,15.823927323298392,6.014540903141354,1.6518918520942398,1.7595984293193705,24.83296518324605,0.19533151178011124,14.975105333769582,1.758447840314139,0.002136649214659715,0.4348938154450223,0.0028183900523560375,0.42692506544502523,28.63707604712041,2.847275130890038,2.2952139070680433,0.1810496073298442,2.7462310209424197,nan
example/2016-06-09_14-57-19-201-spottmonsta.csv,Q2,3.0472160356347437,118.84578365256138,nan,nan,nan,nan,nan,-5.981821559020042,-1.7938529621380872,-1.708692694877507,55.43563861915367,0.05467340757238268,2.9484056570155963,0.0030338975501113525,0.0036662360801781734,7.714676258351877,0.6130943429844002,43.004489532294,71.08000672605796,59.635918440979964,0.3710836971046766,2.371794075723834,0.034905300668151444,12.955345345211596,1.1314061024498894,1.380793853006692,4.304125657015592,0.8378085523385248,3.637967438752794,21.02536320712697,48.94765287305134,1.3371926057906505,16.549523073496644,95.79700516703781,0.008949977728285034,4.155626815144774,4.601954922049002,6.587203608017826,4.241134298440989,25.46329180400889,27.89778743875269,13.117669354120236,1.3278648997772817,0.4135787973273949,0.40100325167037654,0.0036662360801781734,0.34034971046770596,35.17332240534524,3.025430111358553,2.5048038752783643,0.0017991536748328792,0.2934865033407582,nan
example/2016-06-08_14-28-32-854-JimBob.csv,Q1,0.4313358302122347,101.48592072409481,nan,nan,nan,nan,nan,2.5251931335830267,-10.774947940074902,6.149299625468171,3.5897151061173544,0.03573801498127465,0.5952851435705375,0.022668352059925123,0.00413083645443199,1.6840386392010072,6.370946941323336,5.322040137328343,7.556584956304599,3.816815106117358,1.0032845817727853,0.17519950062421974,0.0974167915106119,0.018282833957552896,0.00021154806491885132,1.473421098626716,0.02099182272159819,0.0321018102372036,0.9309290886392058,0.1881656679151065,14.755423907615478,9.823431897627984,1.1251864544319587,83.71333689138591,0.004027028714107399,10.949016229712852,0.6332818352059916,1.3392790262172398,2.8271147940075165,1.0615362047440706,1.0016016853932603,2.1740664794007567,0.2877496878901374,0.0018048689138576294,0.7213056803995006,0.00413083645443199,2.088838139825217,1.6299303370786782,2.2859133583021354,2.2859133583021354,0.0017904494382022015,0.029220099875156114,nan
example/2016-06-08_14-28-32-854-JimBob.csv,Q2,nan,nan,nan,nan,nan,nan,nan,nan,nan,nan,nan,nan,nan,nan,nan,nan,nan,nan,nan,nan,nan,nan,nan,nan,nan,nan,nan,nan,nan,nan,nan,nan,nan,nan,nan,nan,nan,nan,nan,nan,nan,nan,nan,nan,nan,nan,nan,nan,nan,nan,nan,nan,nan
example/2016-03-02_14-03-04-887-RUTHEH.new.csv,Q1,2.0705657978385252,143.57223242212325,nan,nan,nan,nan,nan,-10.428695041322301,-3.514493579148125,0.624299491417673,11.052179084551684,0.7968803560076292,1.5040700572155101,1.8059300063572739,1.886676986649714,6.747442275905915,1.1646473617291802,-0.704826319135417,46.50160146217408,13.505582199618571,0.31986503496503466,6.228239478703116,18.876723585505374,1.9476586141131635,0.0030207247298156517,11.96892727272726,0.06971328671328728,1.6118818817546066,1.7685666242848062,1.2898017164653512,39.38162034329305,5.40352956134774,8.11172523839792,91.62938804831533,1.5031324856961414,6.87268181818182,14.672677304513675,1.8611471074380252,6.943797584233946,15.677805657978375,0.5543047679593143,2.208118944691676,1.3894876668785825,0.0638670057215529,7.0801759694850634,1.886676986649714,0.01987221869040048,10.343963763509187,4.398307056579776,6.53559548633185,1.1910961856325506,3.23218016528928,nan
example/2016-03-02_14-03-04-887-RUTHEH.new.csv,Q2,nan,nan,nan,nan,nan,nan,nan,nan,nan,nan,nan,nan,nan,nan,nan,nan,nan,nan,nan,nan,nan,nan,nan,nan,nan,nan,nan,nan,nan,nan,nan,nan,nan,nan,nan,nan,nan,nan,nan,nan,nan,nan,nan,nan,nan,nan,nan,nan,nan,nan,nan,nan,nan
example/2016-03-16_10-05-49-922-tarples.new.csv,Q1,0.0,108.67493892988952,nan,nan,nan,nan,nan,-3.554837330873313,-6.253660270602699,1.9967256457564544,5.196649630996298,0.24503751537515356,0.705651783517836,1.0154146986469863,0.0036811808118081156,6.884051107011063,16.518886654366558,-7.9293995079950745,14.371223124231243,5.3778360393603855,23.259071955719552,1.6753693111931125,0.03571771217712184,0.009648831488314883,0.045515006150061786,4.34554483394834,0.7002189421894189,2.258798277982791,9.724808302583037,0.5026570725707223,24.641308118081163,19.910011439114424,12.828038253382548,94.66763444034447,1.097641943419435,0.07256113161131617,0.0582190036900369,11.31163591635917,12.420371586715858,21.258257749077526,0.5004891143911465,2.0685121156211603,1.1579276752767536,1.238508671586712,3.0330376998770032,0.0036811808118081156,12.997586777367758,0.12316463714637263,2.2999621771217567,2.3003929274292587,0.006111131611316043,0.24796322263222656,nan
example/2016-03-16_10-05-49-922-tarples.new.csv,Q2,2.104790419161677,99.66317194610774,nan,nan,nan,nan,nan,-4.047152994011975,-6.422951287425137,4.99132416167666,0.005821377245508635,0.37692949101796375,1.1147889820359274,1.428194850299401,0.0034148802395209863,5.481600389221558,17.824232215568788,-14.891658143712577,7.20316053892216,0.10072263473053805,31.82312526946109,5.337841526946087,0.16389416167664597,0.325169820359281,2.3909902095808477,3.5998948203592733,1.0926750898203637,1.4796244910179697,4.006090329341316,0.24541883233532683,10.63367802395208,21.386908233532992,21.452538173652606,92.02000511976058,0.8765862574850272,0.1321849401197607,0.16550140718562845,3.713022215568864,1.0639937125748538,19.525536706586806,0.0090101497005984,0.001630778443113741,0.001807275449101822,0.329785149700595,1.8821394011976458,0.0034148802395209863,12.05747260479043,0.20888419161676403,2.2947692215568836,2.3928274251496973,0.2069585928143717,0.7897952095808396,nan
example/2016-03-13_12-18-21-744-largeeyes.new.csv,Q1,0.7518564356435643,135.73236949257424,nan,nan,nan,nan,nan,-15.001483168316854,1.6022270420792064,-2.5816071163366345,8.456782920792042,0.006035767326732644,0.3760368193069302,0.038412314356435655,0.003443997524752465,1.3417400990098998,8.140915779702935,4.318729641089104,11.30697363861386,9.788836819306912,3.81020550742574,1.2916285272277226,0.0029469059405940507,0.38318582920792,0.20311268564356413,5.854438304455458,0.2709757425742563,0.3798000618811877,0.8006327970297037,0.8129734529702954,9.352796349009886,11.483344740098996,0.002581064356435647,96.57998316831687,0.20488446782178027,1.6849332301980218,0.15306639851485154,0.35349665841584144,0.419402103960397,2.076906992574256,1.1308669554455462,5.293176980197987,0.004555940594059411,0.0019658415841583734,6.026991212871254,0.003443997524752465,0.09354399752475258,32.07407091584159,2.553466831683147,2.6769107054455312,0.001831311881188074,0.036626670792078965,nan
example/2016-03-13_12-18-21-744-largeeyes.new.csv,Q2,1.5918367346938775,134.38186512059377,nan,nan,nan,nan,nan,-17.04274248608533,2.2195903525046363,-2.241941929499071,16.5829604823747,0.005444155844155848,0.38602337662337655,0.008151205936920234,0.0018517625231910851,1.8623467532467528,0.11115955473098334,28.78848218923934,27.205069573283854,29.677976437847864,1.0456218923933223,0.44309795918367345,0.00650426716141002,0.2728864564007421,0.0001996289424860853,0.04599239332096477,0.1332204081632656,0.20044619666048258,0.19797439703154013,3.209890909090901,24.037461410018583,3.2646506493506533,0.0006727272727272726,96.18928905380334,0.004004823747680898,1.6430226345083483,0.4234740259740256,0.020240445269016714,0.03883191094619671,0.5591756957328387,7.7626415584415716,2.452117625231912,0.0021155844155844286,0.00187458256029686,0.0018155844155844309,0.0018517625231910851,0.0,65.65091743970324,2.298390723562166,2.298390723562166,0.0018003710575139316,0.02958719851576993,nan
example/2016-03-15_19-03-37-642-idontreally.new.csv,Q1,1.4506666666666668,111.10510443333352,nan,nan,nan,nan,nan,-7.998516399999992,-6.767313800000006,4.081514933333329,6.898666766666597,0.2741686333333321,1.1298832666666674,0.8885761666666684,0.006727300000000024,6.865223099999998,11.742810033333228,-2.8520606333333327,17.881478866666676,7.403889233333336,15.832439266666656,8.087223966666647,0.3277107333333324,0.8990918333333356,0.7466587333333325,1.8983644333333436,0.45970176666666673,3.762253400000011,7.539498966666683,4.1743621666666675,17.181805833333314,15.076555033333369,2.1672745666666704,91.29750773333339,10.154413466666686,1.3859419333333338,1.5426792666666664,10.571133133333323,5.656199566666668,11.750092666666662,4.642250499999975,1.7202052666666647,0.0024563000000000605,1.4257488333333477,0.6838437999999983,0.006727300000000024,7.110638400000006,2.448614866666669,2.2392082000000038,2.2532756666666773,1.548060766666699,1.19589866666665,nan
example/2016-03-15_19-03-37-642-idontreally.new.csv,Q2,2.0,124.28137750677517,nan,nan,nan,nan,nan,-19.527558130081303,-5.879610027100268,1.0231292682926818,7.150600271002761,0.07333401084010838,0.49780731707317083,0.05092289972899738,0.005347154471544728,2.945232249322494,8.025976693766928,-6.57997601626016,28.97324959349593,14.56837317073164,5.576180758807584,0.0779228997289973,0.040469512195121876,0.11182967479674806,0.08454945799458002,3.284708536585362,1.546410433604336,8.749470596205969,10.254046476964778,45.74047750677503,14.880427235772371,13.294846205962056,1.5549705962059603,94.40022384823843,2.861116937669377,0.9274426829268293,0.7168081300813008,3.7350364498645074,6.099581436314377,10.938801355013542,7.10118482384829,0.5613207317073172,0.0020111111111111297,4.891196612466155,1.0601289972899717,0.005347154471544728,3.7425243902439034,18.835161382113775,2.8129638211382315,2.816073983739858,0.001806910569105709,0.08956585365853623,nan
example/2016-06-27_10-18-39-581-midi.csv,Q1,0.0,104.53722796747974,nan,nan,nan,nan,nan,-2.789527479674795,-14.507206341463418,-3.4699268292682937,9.324107317073183,0.02857642276422759,0.7631333333333341,0.027631056910569086,0.003671544715447135,1.5283021138211383,7.504886991869941,2.397139674796736,35.99377105691057,10.022327642276426,0.02039463414634138,0.2259972357723575,0.02773544715447145,0.0017219512195121888,7.967479674796753e-06,11.557509268292687,0.05048731707317075,4.507115609756095,0.08262178861788608,4.623182113821137,12.334055447154476,13.047936910569106,32.138486991869875,76.80146487804885,0.0015398373983739812,8.174337398373995,1.4414504065040632,0.07383723577235794,0.030094308943089152,6.627533821138214,6.57751886178861,1.2378944715447164,0.023983089430893986,2.6870832520325063,5.618149756097561,0.003671544715447135,2.4411819512195083,11.733998861788638,2.2032084552845688,2.251221463414651,0.001723902439024407,0.07013008130081305,nan
example/2016-06-27_10-18-39-581-midi.csv,Q2,0.9287743506493507,104.59052159090885,nan,nan,nan,nan,nan,-1.6409586647727268,-9.435809111201262,-0.6214771915584403,7.8695389001618645,1.111542593344171,0.6910369926948078,0.5477062297077904,0.962774614448059,3.152156026785708,11.462701887175273,0.08495211038961384,21.566462763798697,8.679330235389582,0.9390552759740237,4.242498944805201,4.703116172889607,0.03933082386363663,0.00011237824675324659,7.321135470779215,0.2203005681818176,0.4386240868506498,3.8091731737012937,3.538870312499991,18.408807508116844,13.98290651379869,44.90044038149369,88.54742583198025,0.6267745129870131,4.966144541396105,3.3297944399350707,2.9731613027597454,1.7067292816558488,6.979975568181825,5.143713616070681,1.257791923701318,0.7029159090909285,0.20842280844155828,5.044090909090288,0.962774614448059,6.341342146915585,7.245325446428423,2.3292020495129555,2.3297700892856854,0.12126596996753346,0.8429923092532484,nan
example/2016-03-15_18-15-13-468-interrogator.new.csv,Q1,0.0,128.73312959459454,nan,nan,nan,nan,nan,-9.520693018017997,-1.3969036486486517,0.3807703153153146,4.860796216216232,0.506719324324323,14.630057342342358,0.5663264864864871,0.019253153153153325,4.723196621621616,2.633945180180195,-8.744695045045049,39.253431396396344,5.5334917117117275,2.685250045045049,4.618812297297302,2.45652400900903,10.77611414414414,0.024403603603603632,2.462465135135145,4.06056747747747,0.6007363513513494,7.127604684684684,27.289718693693676,26.706980495495426,5.262090675675665,2.371781216216219,95.59781238738748,0.0030773423423423405,17.47052869369367,2.457754324324324,11.356498018018005,2.182310765765774,6.365996711711701,2.8039042792792834,1.935618198198199,0.09654324324324312,0.0020409909909909763,0.13462094594594395,0.019253153153153325,1.1991542342342374,35.55314045045047,2.3012500900900736,2.3012380630630456,0.0018008558558557668,0.4751064864864875,nan
example/2016-03-15_18-15-13-468-interrogator.new.csv,Q2,0.0,128.41400469732073,nan,nan,nan,nan,nan,-6.556372179953696,-2.129677968905062,1.8558282170029747,2.7756375785643335,0.11065302679457581,19.445780317565262,0.015709163083030084,0.04901058551108236,3.72081739993385,2.9184276877274207,-10.184708832285802,36.82977373470071,3.02267611644062,0.5090258683427049,0.5506830301025473,0.32295683096261835,14.840863314588207,0.20290449884220718,0.5069692689381424,6.268293185577227,5.288162256037044,8.061288653655309,18.21482596758188,32.14685094277205,5.091154780019847,3.852789712206421,96.63939596427385,0.1550271253721464,12.637995401918612,1.2669023817399923,13.879704002646374,5.233129474032438,6.864888223618915,2.5140142904399614,0.029188455176976744,0.008479126695335647,2.0296232881243754,0.17695927886205545,0.04901058551108236,0.8823151505127362,27.361015547469457,2.318185775719511,2.318499702282527,0.1251850148858754,0.04765669864373107,nan
example/2016-06-10_11-15-58-679-interrogator.csv,Q1,1.9556533513879486,153.15197291807723,nan,nan,nan,nan,nan,-29.13988452945159,1.8432705822613447,-1.4323551794177385,0.4084093771157744,3.1843028097494965,5.906771767095468,0.5208982396750167,0.807461069735952,15.422977623561257,2.56603622207177,-23.108181482735272,26.779024407582938,1.359818889641168,27.350984495599203,19.732037880839528,6.164666993906577,4.098970311442111,7.300550677048047,3.0060829383886203,4.952605788760973,1.4750994922139524,2.9441448544346622,18.563307244414347,17.584877352742012,5.609827995937714,1.6750457684495625,97.63272261340543,0.0014497291807718277,2.458069600541649,1.5142721056194997,2.946218584969506,0.5732228503723766,6.053268889641158,0.0015022681110358732,0.0015450236966824866,0.0014977657413676201,0.045215775220043254,2.41530670277595,0.807461069735952,0.02207850372376443,13.674004908598492,2.2306723425863026,2.2318535206499455,0.0017445497630331616,8.323202538930284,nan
example/2016-06-10_11-15-58-679-interrogator.csv,Q2,3.750584733149054,156.39560929194195,nan,nan,nan,nan,nan,-26.33208130980225,1.5316379119710812,-1.610299957473949,0.23486130129704672,0.8642255581543776,8.70446059961726,0.40851675526259523,0.553600318945355,5.172236742504759,8.556326217308127,-13.97329079311078,20.435815564533186,0.7414991282160447,10.593196130129709,10.707211928556184,7.906571847756742,6.818728683818825,2.917662279396127,2.869250414628953,2.9182834361046046,0.1992069104826702,2.219651392728045,8.298916840314655,15.194161258771,10.314312566446974,1.9626355517754694,97.72956157771611,0.0004294067616415039,4.349195811184329,4.540545290240289,0.22940523070380706,0.19016017435679322,2.39627822666383,0.034233085264724704,0.0019384860727195172,0.002323410588985677,0.001893854986179036,1.2073818201148316,0.553600318945355,0.6113053370189236,26.788776121624437,2.2941111205613245,2.294290601743549,0.001796555390176523,0.04872387837550438,nan
example/2016-06-10_11-15-58-679-Obes86.csv,Q1,0.5885416666666666,119.5392329613095,nan,nan,nan,nan,nan,-11.041144494047611,-5.525855654761905,3.606906622023808,8.000834672619057,0.4466992559523816,0.9635580357142873,0.730784895833333,0.49589761904761887,8.345996800595225,6.310301116071426,-8.777482961309547,42.03152991071432,8.697657514880959,6.768362723214277,14.887413392857178,2.2155075892857106,0.5356297619047614,0.14711562499999997,2.7848813244047683,3.4330456101190543,2.837641666666669,10.967641666666635,30.840504166666626,24.589910267857153,9.926080654761895,3.965520461309525,92.65613831845228,25.521534002976175,3.5618295386904864,2.5711065476190478,7.899035044642865,2.958121205357149,10.013250967261897,1.4462874255952398,4.22662224702381,0.1359826636904778,0.899496874999997,1.7617461309523894,0.49589761904761887,1.433734970238095,9.366029613095272,2.7416334077380733,3.194678645833303,2.4633118303571577,3.5192495535714206,nan
example/2016-06-10_11-15-58-679-Obes86.csv,Q2,1.8435946462715105,113.80547931166323,nan,nan,nan,nan,nan,-12.695292122370931,0.7256111281070744,4.274024856596553,4.82968757170173,4.623730363288698,1.8193725047801175,0.21326845124282945,0.16665521988527718,30.69185131931168,10.30554382409177,-15.027821644359472,61.83854596558315,6.112853460803058,14.416802638623327,36.70603323135763,1.867901338432131,2.0112156022944534,0.12582868068833605,1.2714897896749602,12.21650455066919,13.789860038240892,10.822911701720818,25.967284091778176,48.127585736137654,15.234234340344134,19.19604864244743,97.22754191204596,25.24809575525808,0.9260415678776303,1.84104091778203,12.019057361376671,0.8759484130019116,12.16139078393882,0.1992780879541111,1.6419509751434045,0.4944476864244756,5.083425009560232,0.4678822562141478,0.16665521988527718,3.2012504397705603,16.549921644359276,2.3119503250477895,2.3930525430210228,8.329610745697659,19.95480298279156,nan
example/2016-03-15_18-15-13-468-Sprinkles.new.csv,Q1,0.0,134.10957869369412,nan,nan,nan,nan,nan,-9.501791171171147,-1.9243931531531546,3.1284505855855835,3.815594279279285,0.08991018018018099,0.7572134234234236,0.013813513513513608,0.005868558558558624,3.7270357207207248,9.741433918918887,3.6360686936936926,15.537182252252245,5.685320765765761,0.12373193693693664,0.6774295045045055,0.013131306306306252,0.0018691891891891939,0.0005709459459459452,0.0035505855855856123,0.726713918918917,0.1056894144144144,1.5341370720720722,4.587356441441427,27.72135963963958,12.022203153153129,0.5974609459459421,97.13024252252255,3.229717972972973,0.12494139639639651,0.15215540540540534,1.043028423423422,1.5115959459459485,12.870755180180184,1.324564594594605,1.234582972972975,0.0019233783783783331,0.0018483333333332633,0.0018009459459458572,0.005868558558558624,6.3236225675675675,0.002139144144144134,2.3007335585585422,2.30074594594593,0.002447027027027048,0.10525130630630582,nan
example/2016-03-15_18-15-13-468-Sprinkles.new.csv,Q2,0.0,128.56785784931972,nan,nan,nan,nan,nan,-9.165845602389643,-2.245262894125459,5.115153070029881,2.2776706272818066,0.11449034185197512,0.880401327580487,0.012781148357119245,0.0042746100232327324,4.447749253235986,0.4904921340856286,1.788500597411218,15.835149585131113,3.3390402920677142,0.06777670096249577,1.5813028542980407,0.006415632260205786,0.002784234981745791,0.005787885828078286,0.004866279455691982,0.1853577165615658,0.26807713242615416,0.8798223365416541,4.131700365084637,32.934218884832376,2.274912446067039,0.600533189512107,97.67112465980759,1.4501299701294432,0.09619744440756742,0.176409691337537,1.9377849319615026,0.756168237636907,10.909634815798213,0.3714330899435781,0.4473744440756696,0.011375970793230043,0.001936608031861937,0.001800995685363423,0.0042746100232327324,0.11605423166279445,0.0019366744108861734,2.3035707932292997,2.3111860935943853,0.6832735147693393,0.0934101891802189,nan
example/2016-03-16_20-24-51-546-admin.new.csv,Q1,1.099910394265233,153.6150086469531,nan,nan,nan,nan,nan,-7.110351478494636,9.388466173835132,0.2125072580645156,9.616238351254477,0.14573974014336857,3.875584811827952,0.012413933691756225,0.015452240143369333,3.361345385304667,10.475672222222252,-3.196053763440879,25.4257805555556,10.662030600358445,0.1679675179211466,1.3489172491039418,0.12662934587813435,3.840967069892473,1.340529973118287,1.2692261200716903,12.145256362007139,9.506974148745535,8.307459094982073,18.73549534050177,23.62727728494621,14.610798879928325,1.0537267473118268,88.12997683691759,0.31671196236559146,11.498155197132634,1.0792873207885294,13.787325224014308,4.251394086021506,10.223607437275987,4.61363754480287,3.7825733422939067,0.1524789426523297,1.5984836917562677,0.09572181899641853,0.015452240143369333,0.9140357974910394,49.91374323476702,2.578674014336919,2.547721236559141,0.0017721774193547532,0.390131227598566,nan
example/2016-03-16_20-24-51-546-admin.new.csv,Q2,2.542441663848495,151.03835045654375,nan,nan,nan,nan,nan,-4.3882189042948845,16.26558782549879,-2.208656915793034,1.6409565437943978,0.1209570848833271,10.617585356780518,0.012897565099763269,0.10669327020629016,4.856442543118022,7.790594250930001,-8.870186033141703,26.551644673655687,2.7773110923233113,0.064087487318229,6.779026039905298,0.5165970240108175,7.891431958065592,3.268021373013196,2.27122732499155,9.926450490361848,9.066962259046322,5.88496462631044,10.631701149813994,24.80049837673309,11.690126141359501,2.2286335136963245,68.88750382144036,0.8269889753128362,9.94695782888061,1.2840572201555638,10.3442007439973,1.1632615488671014,8.916525092999638,0.6463084545147152,0.10171031450794994,0.01699871491376388,1.9096389245857477,0.26884497801826107,0.10669327020629016,0.8267691917483961,41.92426347649655,2.25260760906324,2.4779719648292184,0.03848542441664057,2.3618889414947817,nan
